series,sample_index,time_s,value
LeadHandAxial,0,0.0,69.16714941551173
LeadHandAxial,1,6.50295273752915e-10,69.16723954248268
LeadHandAxial,2,1.30059054750583e-09,69.16732981954232
LeadHandAxial,3,1.9508858212587448e-09,69.16742024733972
LeadHandAxial,4,5.8892604045392844e-09,69.16797089195205
LeadHandAxial,5,9.827634987819825e-09,69.16852685019883
LeadHandAxial,6,1.3766009571100365e-08,69.16908808114289
LeadHandAxial,7,1.7704384154380904e-08,69.16965449053191
LeadHandAxial,8,3.7639310291519766e-08,69.17259425727875
LeadHandAxial,9,5.7574236428658624e-08,69.17564886084966
LeadHandAxial,10,7.750916256579748e-08,69.17880530659575
LeadHandAxial,11,9.744408870293635e-08,69.18205079091561
LeadHandAxial,12,1.787176452732308e-07,69.19598970652729
LeadHandAxial,13,2.5999120184352523e-07,69.21056599703373
LeadHandAxial,14,3.249620037429439e-07,69.22232185391202
LeadHandAxial,15,3.8993280564236253e-07,69.23398625870338
LeadHandAxial,16,4.5490360754178116e-07,69.24543570316442
LeadHandAxial,17,5.198744094411998e-07,69.2565778786608
LeadHandAxial,18,5.848452113406184e-07,69.26734757241731
LeadHandAxial,19,6.770673925396619e-07,69.28191338413112
LeadHandAxial,20,7.692895737387053e-07,69.29558504759746
LeadHandAxial,21,8.615117549377488e-07,69.30835298688658
LeadHandAxial,22,9.537339361367922e-07,69.32023439263125
LeadHandAxial,23,1.0459561173358356e-06,69.3312617273813
LeadHandAxial,24,1.138178298534879e-06,69.34147684024761
LeadHandAxial,25,1.3075080704733324e-06,69.35826611099671
LeadHandAxial,26,1.4768378424117857e-06,69.37274508414905
LeadHandAxial,27,1.646167614350239e-06,69.38514348716357
LeadHandAxial,28,1.8154973862886924e-06,69.39562283928018
LeadHandAxial,29,1.9848271582271455e-06,69.4042910857215
LeadHandAxial,30,2.1541569301655986e-06,69.41122207182417
LeadHandAxial,31,2.449250480892405e-06,69.4193014947991
LeadHandAxial,32,2.7443440316192115e-06,69.42242275773779
LeadHandAxial,33,3.039437582346018e-06,69.4207095885545
LeadHandAxial,34,3.3345311330728243e-06,69.4143458316083
LeadHandAxial,35,3.6296246837996307e-06,69.40360207509912
LeadHandAxial,36,3.924718234526437e-06,69.38881439248883
LeadHandAxial,37,4.450026296754274e-06,69.35365121311459
LeadHandAxial,38,4.975334358982111e-06,69.30915133462136
LeadHandAxial,39,5.500642421209948e-06,69.25764246852594
LeadHandAxial,40,6.025950483437785e-06,69.20126570233859
LeadHandAxial,41,6.551258545665622e-06,69.14184671566909
LeadHandAxial,42,7.0765666078934595e-06,69.08087680230639
LeadHandAxial,43,8.14244892814704e-06,68.95716095949356
LeadHandAxial,44,9.20833124840062e-06,68.83876407832469
LeadHandAxial,45,1.02742135686542e-05,68.7293027971453
LeadHandAxial,46,1.134009588890778e-05,68.63022972190193
LeadHandAxial,47,1.2405978209161358e-05,68.54177735079858
LeadHandAxial,48,1.3471860529414938e-05,68.46352547783148
LeadHandAxial,49,1.541902505888877e-05,68.34429454856456
LeadHandAxial,50,1.7366189588362604e-05,68.24995692827386
LeadHandAxial,51,1.9313354117836436e-05,68.17415287746742
LeadHandAxial,52,2.126051864731027e-05,68.11208119311378
LeadHandAxial,53,2.3207683176784102e-05,68.0602275571448
LeadHandAxial,54,2.5154847706257935e-05,68.01575413871325
LeadHandAxial,55,2.820158190872388e-05,67.95572641392366
LeadHandAxial,56,3.1248316111189826e-05,67.90262038429424
LeadHandAxial,57,3.429505031365577e-05,67.85338688018925
LeadHandAxial,58,3.734178451612172e-05,67.80629673602103
LeadHandAxial,59,4.038851871858766e-05,67.7601387573699
LeadHandAxial,60,4.343525292105361e-05,67.71411155648869
LeadHandAxial,61,4.96338373415471e-05,67.61937924487434
LeadHandAxial,62,5.58324217620406e-05,67.52257061398144
LeadHandAxial,63,6.20310061825341e-05,67.42371566123991
LeadHandAxial,64,6.82295906030276e-05,67.3226770065994
LeadHandAxial,65,7.44281750235211e-05,67.21941249426597
LeadHandAxial,66,8.062675944401459e-05,67.11425305969925
LeadHandAxial,67,9.346260532395746e-05,66.8921664583024
LeadHandAxial,68,0.00010629845120390032,66.66619395287692
LeadHandAxial,69,0.00011913429708384319,66.4382821079374
LeadHandAxial,70,0.00013197014296378604,66.20999407405614
LeadHandAxial,71,0.0001448059888437289,65.9825557580374
LeadHandAxial,72,0.00016588165749779728,65.61308738571707
LeadHandAxial,73,0.00018695732615186565,65.25095780727698
LeadHandAxial,74,0.00020803299480593403,64.89773390837054
LeadHandAxial,75,0.0002291086634600024,64.55414441067549
LeadHandAxial,76,0.0002501843321140708,64.22043825553351
LeadHandAxial,77,0.00028354300047888807,63.71226751573544
LeadHandAxial,78,0.0003169016688437053,63.2280063794644
LeadHandAxial,79,0.0003502603372085226,62.766323753452404
LeadHandAxial,80,0.00038361900557333983,62.32565111530573
LeadHandAxial,81,0.0004169776739381571,61.90445784751623
LeadHandAxial,82,0.0004896960629533548,61.047453475463854
LeadHandAxial,83,0.0005624144519685525,60.263984588853035
LeadHandAxial,84,0.0006351328409837503,59.54369828389902
LeadHandAxial,85,0.000707851229998948,58.878464577364994
LeadHandAxial,86,0.0007805696190141457,58.261852295121884
LeadHandAxial,87,0.0009168382756575951,57.22051587084244
LeadHandAxial,88,0.0010531069323010444,56.30468639665789
LeadHandAxial,89,0.0011893755889444938,55.49399926174962
LeadHandAxial,90,0.0013256442455879432,54.77331258613374
LeadHandAxial,91,0.0014619129022313926,54.13048471417428
LeadHandAxial,92,0.0016710628759704154,53.27291717352308
LeadHandAxial,93,0.0018802128497094383,52.544549447961884
LeadHandAxial,94,0.002089362823448461,51.92127282096538
LeadHandAxial,95,0.0022985127971874835,51.38418382228611
LeadHandAxial,96,0.002507662770926506,50.91797050809093
LeadHandAxial,97,0.0028713324012860633,50.241308862487806
LeadHandAxial,98,0.0032350020316456204,49.69026255650959
LeadHandAxial,99,0.0035986716620051776,49.22741408774189
LeadHandAxial,100,0.003962341292364735,48.82716776684995
LeadHandAxial,101,0.004326010922724293,48.47146980085053
LeadHandAxial,102,0.004859598744841302,48.004780686053905
LeadHandAxial,103,0.005,47.892587988394766
LeadHandAxial,104,0.005393186566958311,47.578398050558896
LeadHandAxial,105,0.005926774389075321,47.175905700339044
LeadHandAxial,106,0.00646036221119233,46.78916215977112
LeadHandAxial,107,0.006993950033309339,46.414879592235124
LeadHandAxial,108,0.007715774967090907,45.926000514573744
LeadHandAxial,109,0.008437599900872476,45.45854124168847
LeadHandAxial,110,0.009159424834654045,45.016361924412124
LeadHandAxial,111,0.009881249768435614,44.60435641227163
LeadHandAxial,112,0.01,44.54228203694848
LeadHandAxial,113,0.010603074702217182,44.22703645872802
LeadHandAxial,114,0.01177444901882128,43.69642858796198
LeadHandAxial,115,0.012945823335425379,43.27468244010165
LeadHandAxial,116,0.014117197652029477,42.96419235323067
LeadHandAxial,117,0.015,42.811022940168165
LeadHandAxial,118,0.015288571968633575,42.76095465572883
LeadHandAxial,119,0.016459946285237673,42.65613409056617
LeadHandAxial,120,0.018031231943859145,42.649190398042634
LeadHandAxial,121,0.01960251760248062,42.76661725406362
LeadHandAxial,122,0.02,42.81948982711663
LeadHandAxial,123,0.021173803261102096,42.97562755562937
LeadHandAxial,124,0.02274508891972357,43.24496068952291
LeadHandAxial,125,0.024316374578345047,43.54666385857106
LeadHandAxial,126,0.025,43.68016727369428
LeadHandAxial,127,0.026862461890282588,44.04388257013198
LeadHandAxial,128,0.02940854920222013,44.48483390264297
LeadHandAxial,129,0.03,44.56243615278462
LeadHandAxial,130,0.03195463651415767,44.818897370314545
LeadHandAxial,131,0.03450072382609521,45.019820534408154
LeadHandAxial,132,0.035,45.03176145978199
LeadHandAxial,133,0.03704681113803275,45.08071396408924
LeadHandAxial,134,0.03959289844997029,45.00903292024333
LeadHandAxial,135,0.04,44.97668681605467
LeadHandAxial,136,0.042885955032283485,44.747384318554424
LeadHandAxial,137,0.045,44.48274481873943
LeadHandAxial,138,0.04617901161459667,44.33515427609361
LeadHandAxial,139,0.04947206819690986,43.81615666291537
LeadHandAxial,140,0.05,43.72162523197116
LeadHandAxial,141,0.052765124779223044,43.22650218655273
LeadHandAxial,142,0.05605818136153623,42.58915350473524
LeadHandAxial,143,0.05994567907839509,41.7856634771324
LeadHandAxial,144,0.06,41.77350278092306
LeadHandAxial,145,0.06383317679525395,40.91537856015166
LeadHandAxial,146,0.065,40.62338281946685
LeadHandAxial,147,0.06772067451211282,39.94253814128823
LeadHandAxial,148,0.07,39.28155665735283
LeadHandAxial,149,0.07160817222897169,38.815202873315286
LeadHandAxial,150,0.075,37.64251929119318
LeadHandAxial,151,0.07549566994583055,37.47114737998007
LeadHandAxial,152,0.07938316766268942,35.83884569105728
LeadHandAxial,153,0.08,35.505991202141544
LeadHandAxial,154,0.08498316766268943,32.816978928923525
LeadHandAxial,155,0.085,32.80477137079574
LeadHandAxial,156,0.09,29.178549443757596
LeadHandAxial,157,0.09058316766268942,28.7556103706408
LeadHandAxial,158,0.095,24.486283226009085
LeadHandAxial,159,0.09618316766268942,23.34262880736612
LeadHandAxial,160,0.1,18.4925308418347
LeadHandAxial,161,0.10178316766268941,16.226636747281617
LeadHandAxial,162,0.105,10.937963449492734
LeadHandAxial,163,0.1073831676626894,7.019886950561258
LeadHandAxial,164,0.11,1.545827070568393
LeadHandAxial,165,0.1129831676626894,-4.694556841227438
LeadHandAxial,166,0.115,-9.973362853907467
LeadHandAxial,167,0.11858316766268939,-19.35185538019641
LeadHandAxial,168,0.12,-23.91614887947192
LeadHandAxial,169,0.12418316766268939,-37.39212939346483
LeadHandAxial,170,0.125,-40.57994862461065
LeadHandAxial,171,0.12978316766268938,-59.24702773550752
LeadHandAxial,172,0.13,-60.25686786275008
LeadHandAxial,173,0.135,-83.5430653867823
LeadHandAxial,174,0.13538316766268937,-85.32756896242356
LeadHandAxial,175,0.14,-112.68628060366129
LeadHandAxial,176,0.14098316766268937,-116.02193295212552
LeadHandAxial,177,0.145,-143.52556267552916
LeadHandAxial,178,0.14658316766268936,-151.69722417072904
LeadHandAxial,179,0.15,-178.45941821138118
LeadHandAxial,180,0.15218316766268936,-192.70938889616974
LeadHandAxial,181,0.155,-217.73657692539575
LeadHandAxial,182,0.15778316766268935,-239.42074808563802
LeadHandAxial,183,0.16,-261.61240325802305
LeadHandAxial,184,0.16338316766268934,-292.21992852415144
LeadHandAxial,185,0.165,-310.3557462846355
LeadHandAxial,186,0.16898316766268934,-351.5386262614119
LeadHandAxial,187,0.17,-364.2570367145698
LeadHandAxial,188,0.17458316766268933,-417.8490084417881
LeadHandAxial,189,0.175,-423.3406109762025
LeadHandAxial,190,0.18,-489.2136496402065
LeadHandAxial,191,0.18018316766268933,-491.6268117454724
LeadHandAxial,192,0.185,-561.920140189085
LeadHandAxial,193,0.18578316766268932,-573.3491163054871
LeadHandAxial,194,0.19,-641.1636372076977
LeadHandAxial,195,0.1913831676626893,-663.4075503798601
LeadHandAxial,196,0.195,-727.0721594208918
LeadHandAxial,197,0.1969831676626893,-761.9804941549841
LeadHandAxial,198,0.2,-819.5772791126586
LeadHandAxial,199,0.2025831676626893,-868.8946211927832
LeadHandAxial,200,0.205,-918.1126233834402
LeadHandAxial,201,0.2081831676626893,-982.9367945006652
LeadHandAxial,202,0.21,-1020.854877838847
LeadHandAxial,203,0.2137831676626893,-1099.8112370857903
LeadHandAxial,204,0.215,-1123.376295199439
LeadHandAxial,205,0.21938316766268928,-1208.2602989574402
LeadHandAxial,206,0.22,-1217.579048837569
LeadHandAxial,207,0.22341442028389266,-1269.1621560883264
LeadHandAxial,208,0.225,-1282.8511380278885
LeadHandAxial,209,0.22744567290509604,-1303.9656691283037
LeadHandAxial,210,0.23,-1304.3242581184177
LeadHandAxial,211,0.23147692552629942,-1304.53159618174
LeadHandAxial,212,0.235,-1273.6594112203438
LeadHandAxial,213,0.2355081781475028,-1269.2063206370592
LeadHandAxial,214,0.23855329931883085,-1221.7735223022842
LeadHandAxial,215,0.24,-1192.636160022782
LeadHandAxial,216,0.2415984204901589,-1160.4430757843056
LeadHandAxial,217,0.24412547092471762,-1101.2272819108043
LeadHandAxial,218,0.245,-1078.6320724444402
LeadHandAxial,219,0.24665252135927634,-1035.9358747812194
LeadHandAxial,220,0.24917957179383507,-965.6776452112535
LeadHandAxial,221,0.25,-941.5745533728181
LeadHandAxial,222,0.2517066222283938,-891.4362573032877
LeadHandAxial,223,0.2542336726629525,-814.1886228832354
LeadHandAxial,224,0.255,-790.2033074482894
LeadHandAxial,225,0.25816594446446567,-691.1122624618279
LeadHandAxial,226,0.26,-634.8910423770567
LeadHandAxial,227,0.26209821626597885,-570.5722274941285
LeadHandAxial,228,0.265,-489.8227524215605
LeadHandAxial,229,0.266030488067492,-461.14681439663616
LeadHandAxial,230,0.26922185965895157,-385.62336212525986
LeadHandAxial,231,0.27,-370.36701847499603
LeadHandAxial,232,0.2724132312504111,-323.0528216371595
LeadHandAxial,233,0.2749215041154614,-281.2977373442046
LeadHandAxial,234,0.275,-280.12336514395713
LeadHandAxial,235,0.2774297769805117,-243.77161810032322
LeadHandAxial,236,0.28,-207.9175523463577
LeadHandNormal,0,0.0,-131.9109607043694
LeadHandNormal,1,6.50295273752915e-10,-131.86925951352234
LeadHandNormal,2,1.30059054750583e-09,-131.8276189429661
LeadHandNormal,3,1.9508858212587448e-09,-131.7860401991937
LeadHandNormal,4,5.8892604045392844e-09,-131.53547714035548
LeadHandNormal,5,9.827634987819825e-09,-131.2871357814797
LeadHandNormal,6,1.3766009571100365e-08,-131.04102610995682
LeadHandNormal,7,1.7704384154380904e-08,-130.7971408049555
LeadHandNormal,8,3.7639310291519766e-08,-129.59594217690946
LeadHandNormal,9,5.7574236428658624e-08,-128.44925395252196
LeadHandNormal,10,7.750916256579748e-08,-127.35516953812942
LeadHandNormal,11,9.744408870293635e-08,-126.31176652168875
LeadHandNormal,12,1.787176452732308e-07,-122.5461414682539
LeadHandNormal,13,2.5999120184352523e-07,-119.47922904967972
LeadHandNormal,14,3.249620037429439e-07,-117.46109005672321
LeadHandNormal,15,3.8993280564236253e-07,-115.78037138384292
LeadHandNormal,16,4.5490360754178116e-07,-114.39805592724213
LeadHandNormal,17,5.198744094411998e-07,-113.27922951921458
LeadHandNormal,18,5.848452113406184e-07,-112.39277130663388
LeadHandNormal,19,6.770673925396619e-07,-111.47978666345355
LeadHandNormal,20,7.692895737387053e-07,-110.91122286215533
LeadHandNormal,21,8.615117549377488e-07,-110.62964999797016
LeadHandNormal,22,9.537339361367922e-07,-110.58649214529738
LeadHandNormal,23,1.0459561173358356e-06,-110.74062330886035
LeadHandNormal,24,1.138178298534879e-06,-111.05736821401206
LeadHandNormal,25,1.3075080704733324e-06,-111.96757900254966
LeadHandNormal,26,1.4768378424117857e-06,-113.18831412112904
LeadHandNormal,27,1.646167614350239e-06,-114.61758393109687
LeadHandNormal,28,1.8154973862886924e-06,-116.18091576160043
LeadHandNormal,29,1.9848271582271455e-06,-117.82403224906881
LeadHandNormal,30,2.1541569301655986e-06,-119.5081061196436
LeadHandNormal,31,2.449250480892405e-06,-122.4610700783295
LeadHandNormal,32,2.7443440316192115e-06,-125.36841806732637
LeadHandNormal,33,3.039437582346018e-06,-128.18572762669498
LeadHandNormal,34,3.3345311330728243e-06,-130.88909795395512
LeadHandNormal,35,3.6296246837996307e-06,-133.46708107470488
LeadHandNormal,36,3.924718234526437e-06,-135.9174271688311
LeadHandNormal,37,4.450026296754274e-06,-139.97156582807415
LeadHandNormal,38,4.975334358982111e-06,-143.66119053996815
LeadHandNormal,39,5.500642421209948e-06,-147.01863599385536
LeadHandNormal,40,6.025950483437785e-06,-150.06986121925934
LeadHandNormal,41,6.551258545665622e-06,-152.83959447585553
LeadHandNormal,42,7.0765666078934595e-06,-155.35322711714733
LeadHandNormal,43,8.14244892814704e-06,-159.7580203954566
LeadHandNormal,44,9.20833124840062e-06,-163.36471077734376
LeadHandNormal,45,1.02742135686542e-05,-166.3026033720092
LeadHandNormal,46,1.134009588890778e-05,-168.68026468886106
LeadHandNormal,47,1.2405978209161358e-05,-170.59341786697107
LeadHandNormal,48,1.3471860529414938e-05,-172.12298331741937
LeadHandNormal,49,1.541902505888877e-05,-174.13728891015273
LeadHandNormal,50,1.7366189588362604e-05,-175.3975124840909
LeadHandNormal,51,1.9313354117836436e-05,-176.12670554462522
LeadHandNormal,52,2.126051864731027e-05,-176.48689938183298
LeadHandNormal,53,2.3207683176784102e-05,-176.5938674474886
LeadHandNormal,54,2.5154847706257935e-05,-176.52872335180695
LeadHandNormal,55,2.820158190872388e-05,-176.2158625044659
LeadHandNormal,56,3.1248316111189826e-05,-175.75792907596332
LeadHandNormal,57,3.429505031365577e-05,-175.2324825205539
LeadHandNormal,58,3.734178451612172e-05,-174.68699245299354
LeadHandNormal,59,4.038851871858766e-05,-174.1501560697934
LeadHandNormal,60,4.343525292105361e-05,-173.63682305564026
LeadHandNormal,61,4.96338373415471e-05,-172.69331919708424
LeadHandNormal,62,5.58324217620406e-05,-171.88165166141803
LeadHandNormal,63,6.20310061825341e-05,-171.1915390273454
LeadHandNormal,64,6.82295906030276e-05,-170.61967975871164
LeadHandNormal,65,7.44281750235211e-05,-170.15902982609595
LeadHandNormal,66,8.062675944401459e-05,-169.79469890849768
LeadHandNormal,67,9.346260532395746e-05,-169.29094423716248
LeadHandNormal,68,0.00010629845120390032,-169.05496743620398
LeadHandNormal,69,0.00011913429708384319,-169.02295310220936
LeadHandNormal,70,0.00013197014296378604,-169.14532575405667
LeadHandNormal,71,0.0001448059888437289,-169.38253043046015
LeadHandNormal,72,0.00016588165749779728,-169.94825147845663
LeadHandNormal,73,0.00018695732615186565,-170.6485977666013
LeadHandNormal,74,0.00020803299480593403,-171.42184230151923
LeadHandNormal,75,0.0002291086634600024,-172.23088632651908
LeadHandNormal,76,0.0002501843321140708,-173.0529198869314
LeadHandNormal,77,0.00028354300047888807,-174.350084142937
LeadHandNormal,78,0.0003169016688437053,-175.6129970280087
LeadHandNormal,79,0.0003502603372085226,-176.8303429183647
LeadHandNormal,80,0.00038361900557333983,-178.00247284003646
LeadHandNormal,81,0.0004169776739381571,-179.13325194062853
LeadHandNormal,82,0.0004896960629533548,-181.47553971409206
LeadHandNormal,83,0.0005624144519685525,-183.68601306787338
LeadHandNormal,84,0.0006351328409837503,-185.80503637695682
LeadHandNormal,85,0.000707851229998948,-187.86241923246365
LeadHandNormal,86,0.0007805696190141457,-189.87710881040178
LeadHandNormal,87,0.0009168382756575951,-193.57146117759228
LeadHandNormal,88,0.0010531069323010444,-197.20118967776162
LeadHandNormal,89,0.0011893755889444938,-200.7828229816884
LeadHandNormal,90,0.0013256442455879432,-204.31479571615986
LeadHandNormal,91,0.0014619129022313926,-207.78996575950552
LeadHandNormal,92,0.0016710628759704154,-212.99728135191674
LeadHandNormal,93,0.0018802128497094383,-218.03141469010723
LeadHandNormal,94,0.002089362823448461,-222.87465027709734
LeadHandNormal,95,0.0022985127971874835,-227.51628808923087
LeadHandNormal,96,0.002507662770926506,-231.9528209578775
LeadHandNormal,97,0.0028713324012860633,-239.19013523683958
LeadHandNormal,98,0.0032350020316456204,-245.84934978081958
LeadHandNormal,99,0.0035986716620051776,-251.9856848493899
LeadHandNormal,100,0.003962341292364735,-257.6642882958613
LeadHandNormal,101,0.004326010922724293,-262.9500581974053
LeadHandNormal,102,0.004859598744841302,-270.1160988915963
LeadHandNormal,103,0.005,-271.85471565193905
LeadHandNormal,104,0.005393186566958311,-276.7236233727614
LeadHandNormal,105,0.005926774389075321,-282.90109856360954
LeadHandNormal,106,0.00646036221119233,-288.7426785417545
LeadHandNormal,107,0.006993950033309339,-294.30936635574074
LeadHandNormal,108,0.007715774967090907,-301.4724094228668
LeadHandNormal,109,0.008437599900872476,-308.25592102711823
LeadHandNormal,110,0.009159424834654045,-314.6681532947662
LeadHandNormal,111,0.009881249768435614,-320.693826948188
LeadHandNormal,112,0.01,-321.61765360524316
LeadHandNormal,113,0.010603074702217182,-326.30932012887234
LeadHandNormal,114,0.01177444901882128,-334.49522788998456
LeadHandNormal,115,0.012945823335425379,-341.4789889701885
LeadHandNormal,116,0.014117197652029477,-347.23960224733196
LeadHandNormal,117,0.015,-350.6816739972226
LeadHandNormal,118,0.015288571968633575,-351.80682440413693
LeadHandNormal,119,0.016459946285237673,-355.2528008469831
LeadHandNormal,120,0.018031231943859145,-358.2938523608932
LeadHandNormal,121,0.01960251760248062,-359.7691543714469
LeadHandNormal,122,0.02,-359.818361721959
LeadHandNormal,123,0.021173803261102096,-359.9636757002929
LeadHandNormal,124,0.02274508891972357,-359.15401264768246
LeadHandNormal,125,0.024316374578345047,-357.5936495991123
LeadHandNormal,126,0.025,-356.6384097295341
LeadHandNormal,127,0.026862461890282588,-354.03596430136236
LeadHandNormal,128,0.02940854920222013,-349.88179062392027
LeadHandNormal,129,0.03,-348.915361824968
LeadHandNormal,130,0.03195463651415767,-345.7214917247728
LeadHandNormal,131,0.03450072382609521,-341.96056648019385
LeadHandNormal,132,0.035,-341.3505687701567
LeadHandNormal,133,0.03704681113803275,-338.84984838265325
LeadHandNormal,134,0.03959289844997029,-336.5163948719638
LeadHandNormal,135,0.04,-336.28989236459614
LeadHandNormal,136,0.042885955032283485,-334.68420933313905
LeadHandNormal,137,0.045,-334.3309297887376
LeadHandNormal,138,0.04617901161459667,-334.13390432692887
LeadHandNormal,139,0.04947206819690986,-334.69977609985267
LeadHandNormal,140,0.05,-334.93607383048607
LeadHandNormal,141,0.052765124779223044,-336.1737198795101
LeadHandNormal,142,0.05605818136153623,-338.35766176205414
LeadHandNormal,143,0.05994567907839509,-341.63474328411394
LeadHandNormal,144,0.06,-341.68873476300587
LeadHandNormal,145,0.06383317679525395,-345.4986643060862
LeadHandNormal,146,0.065,-346.80583394514053
LeadHandNormal,147,0.06772067451211282,-349.85375337759376
LeadHandNormal,148,0.07,-352.67319802263006
LeadHandNormal,149,0.07160817222897169,-354.66244993218214
LeadHandNormal,150,0.075,-359.24001253853623
LeadHandNormal,151,0.07549566994583055,-359.9089616604545
LeadHandNormal,152,0.07938316766268942,-365.5806748755118
LeadHandNormal,153,0.08,-366.5594232446497
LeadHandNormal,154,0.08498316766268943,-374.46638098338116
LeadHandNormal,155,0.085,-374.49544664282064
LeadHandNormal,156,0.09,-383.12932169628425
LeadHandNormal,157,0.09058316766268942,-384.1363210432604
LeadHandNormal,158,0.095,-392.30072611938493
LeadHandNormal,159,0.09618316766268942,-394.4877822115004
LeadHandNormal,160,0.1,-401.9174874768658
LeadHandNormal,161,0.10178316766268941,-405.3885359803607
LeadHandNormal,162,0.105,-411.8837563772004
LeadHandNormal,163,0.1073831676626894,-416.69569482741207
LeadHandNormal,164,0.11,-422.10422138175073
LeadHandNormal,165,0.1129831676626894,-428.26989783325854
LeadHandNormal,166,0.115,-432.48747872958046
LeadHandNormal,167,0.11858316766268939,-439.98056538973833
LeadHandNormal,168,0.12,-442.94668765826646
LeadHandNormal,169,0.12418316766268939,-451.70410124246075
LeadHandNormal,170,0.125,-453.39815757967585
LeadHandNormal,171,0.12978316766268938,-463.31813150923404
LeadHandNormal,172,0.13,-463.75878042645445
LeadHandNormal,173,0.135,-473.919832110114
LeadHandNormal,174,0.13538316766268937,-474.6985093949327
LeadHandNormal,175,0.14,-483.57376954221604
LeadHandNormal,176,0.14098316766268937,-485.7139399425803
LeadHandNormal,177,0.145,-493.02555121754006
LeadHandNormal,178,0.14658316766268936,-496.22905380007705
LeadHandNormal,179,0.15,-502.0047929855407
LeadHandNormal,180,0.15218316766268936,-506.1006624649291
LeadHandNormal,181,0.155,-510.39817949419216
LeadHandNormal,182,0.15778316766268935,-515.1612905887596
LeadHandNormal,183,0.16,-518.0709349131774
LeadHandNormal,184,0.16338316766268934,-523.1880091593724
LeadHandNormal,185,0.165,-524.8510557998004
LeadHandNormal,186,0.16898316766268934,-529.8615527082732
LeadHandNormal,187,0.17,-530.5123417122586
LeadHandNormal,188,0.17458316766268933,-534.7081414222979
LeadHandNormal,189,0.175,-534.8809475234832
LeadHandNormal,190,0.18,-536.9537965531464
LeadHandNormal,191,0.18018316766268933,-537.0297323355206
LeadHandNormal,192,0.185,-536.1062819921183
LeadHandNormal,193,0.18578316766268932,-535.9561384130175
LeadHandNormal,194,0.19,-531.7901455784938
LeadHandNormal,195,0.1913831676626893,-530.4236538352192
LeadHandNormal,196,0.195,-523.1691332870379
LeadHandNormal,197,0.1969831676626893,-519.1913623489011
LeadHandNormal,198,0.2,-509.3718355504375
LeadHandNormal,199,0.2025831676626893,-500.9638495397487
LeadHandNormal,200,0.205,-489.40825111565965
LeadHandNormal,201,0.2081831676626893,-474.1885742441088
LeadHandNormal,202,0.21,-461.9479959212845
LeadHandNormal,203,0.2137831676626893,-436.45959001143007
LeadHandNormal,204,0.215,-425.06219981647837
LeadHandNormal,205,0.21938316766268928,-384.0075116644753
LeadHandNormal,206,0.22,-376.4582482312542
LeadHandNormal,207,0.22341442028389266,-334.6699750884746
LeadHandNormal,208,0.225,-311.06328834275655
LeadHandNormal,209,0.22744567290509604,-274.65122178653695
LeadHandNormal,210,0.23,-230.7071198026118
LeadHandNormal,211,0.23147692552629942,-205.29840606354244
LeadHandNormal,212,0.235,-139.7851779988666
LeadHandNormal,213,0.2355081781475028,-130.33536615884987
LeadHandNormal,214,0.23855329931883085,-72.99677439751278
LeadHandNormal,215,0.24,-46.49623517824712
LeadHandNormal,216,0.2415984204901589,-17.216505487305362
LeadHandNormal,217,0.24412547092471762,26.925033879239614
LeadHandNormal,218,0.245,41.33011326025242
LeadHandNormal,219,0.24665252135927634,68.55013604967048
LeadHandNormal,220,0.24917957179383507,107.29353593030837
LeadHandNormal,221,0.25,118.849445654533
LeadHandNormal,222,0.2517066222283938,142.88759092608788
LeadHandNormal,223,0.2542336726629525,175.23940075445913
LeadHandNormal,224,0.255,183.80760355048963
LeadHandNormal,225,0.25816594446446567,219.2056024226481
LeadHandNormal,226,0.26,236.44067554823687
LeadHandNormal,227,0.26209821626597885,256.1581323410102
LeadHandNormal,228,0.265,279.60767416466393
LeadHandNormal,229,0.266030488067492,287.9351290173879
LeadHandNormal,230,0.26922185965895157,311.6767697633792
LeadHandNormal,231,0.27,317.32867353882693
LeadHandNormal,232,0.2724132312504111,334.85681093991536
LeadHandNormal,233,0.2749215041154614,352.90177973203333
LeadHandNormal,234,0.275,353.4532755349269
LeadHandNormal,235,0.2774297769805117,370.5243846076604
LeadHandNormal,236,0.28,387.70381373349534
TrailHeadAxial,0,0.0,-89.91458103248316
TrailHeadAxial,1,6.50295273752915e-10,-89.91316655056778
TrailHeadAxial,2,1.30059054750583e-09,-89.91175372657602
TrailHeadAxial,3,1.9508858212587448e-09,-89.91034258932783
TrailHeadAxial,4,5.8892604045392844e-09,-89.90183049905878
TrailHeadAxial,5,9.827634987819825e-09,-89.893379137608
TrailHeadAxial,6,1.3766009571100365e-08,-89.88498885188315
TrailHeadAxial,7,1.7704384154380904e-08,-89.87665952909227
TrailHeadAxial,8,3.7639310291519766e-08,-89.83541630352286
TrailHeadAxial,9,5.7574236428658624e-08,-89.79568076518646
TrailHeadAxial,10,7.750916256579748e-08,-89.75741040369616
TrailHeadAxial,11,9.744408870293635e-08,-89.72056201988877
TrailHeadAxial,12,1.787176452732308e-07,-89.5842047046481
TrailHeadAxial,13,2.5999120184352523e-07,-89.46812550585648
TrailHeadAxial,14,3.249620037429439e-07,-89.38824874068274
TrailHeadAxial,15,3.8993280564236253e-07,-89.31862349940653
TrailHeadAxial,16,4.5490360754178116e-07,-89.25821989944791
TrailHeadAxial,17,5.198744094411998e-07,-89.20609586640353
TrailHeadAxial,18,5.848452113406184e-07,-89.16139247005202
TrailHeadAxial,19,6.770673925396619e-07,-89.10916334447555
TrailHeadAxial,20,7.692895737387053e-07,-89.06833944012658
TrailHeadAxial,21,8.615117549377488e-07,-89.03721082874765
TrailHeadAxial,22,9.537339361367922e-07,-89.01430255029415
TrailHeadAxial,23,1.0459561173358356e-06,-88.99834548682489
TrailHeadAxial,24,1.138178298534879e-06,-88.98825306472621
TrailHeadAxial,25,1.3075080704733324e-06,-88.98198379924473
TrailHeadAxial,26,1.4768378424117857e-06,-88.98787477279775
TrailHeadAxial,27,1.646167614350239e-06,-89.00260505603643
TrailHeadAxial,28,1.8154973862886924e-06,-89.02375417302065
TrailHeadAxial,29,1.9848271582271455e-06,-89.04956663050022
TrailHeadAxial,30,2.1541569301655986e-06,-89.07878809370688
TrailHeadAxial,31,2.449250480892405e-06,-89.13527472121385
TrailHeadAxial,32,2.7443440316192115e-06,-89.19659941059416
TrailHeadAxial,33,3.039437582346018e-06,-89.26125466883133
TrailHeadAxial,34,3.3345311330728243e-06,-89.32828377828075
TrailHeadAxial,35,3.6296246837996307e-06,-89.39700886022695
TrailHeadAxial,36,3.924718234526437e-06,-89.46695675011976
TrailHeadAxial,37,4.450026296754274e-06,-89.5933482624643
TrailHeadAxial,38,4.975334358982111e-06,-89.72069263110541
TrailHeadAxial,39,5.500642421209948e-06,-89.84722890205849
TrailHeadAxial,40,6.025950483437785e-06,-89.97122624691546
TrailHeadAxial,41,6.551258545665622e-06,-90.09128012513676
TrailHeadAxial,42,7.0765666078934595e-06,-90.20638909660117
TrailHeadAxial,43,8.14244892814704e-06,-90.421822877677
TrailHeadAxial,44,9.20833124840062e-06,-90.6105093746247
TrailHeadAxial,45,1.02742135686542e-05,-90.77175173396418
TrailHeadAxial,46,1.134009588890778e-05,-90.90673587132667
TrailHeadAxial,47,1.2405978209161358e-05,-91.01769912137232
TrailHeadAxial,48,1.3471860529414938e-05,-91.10722719972362
TrailHeadAxial,49,1.541902505888877e-05,-91.22384069778644
TrailHeadAxial,50,1.7366189588362604e-05,-91.29286362137798
TrailHeadAxial,51,1.9313354117836436e-05,-91.3272381248479
TrailHeadAxial,52,2.126051864731027e-05,-91.33657843617229
TrailHeadAxial,53,2.3207683176784102e-05,-91.32784818593827
TrailHeadAxial,54,2.5154847706257935e-05,-91.30634591358397
TrailHeadAxial,55,2.820158190872388e-05,-91.2564743367147
TrailHeadAxial,56,3.1248316111189826e-05,-91.19506702967638
TrailHeadAxial,57,3.429505031365577e-05,-91.12758627945254
TrailHeadAxial,58,3.734178451612172e-05,-91.05722664915527
TrailHeadAxial,59,4.038851871858766e-05,-90.98611164143405
TrailHeadAxial,60,4.343525292105361e-05,-90.91554471725439
TrailHeadAxial,61,4.96338373415471e-05,-90.77614953280444
TrailHeadAxial,62,5.58324217620406e-05,-90.64305621628796
TrailHeadAxial,63,6.20310061825341e-05,-90.5160758095886
TrailHeadAxial,64,6.82295906030276e-05,-90.39537622891602
TrailHeadAxial,65,7.44281750235211e-05,-90.28090935498463
TrailHeadAxial,66,8.062675944401459e-05,-90.1719926305525
TrailHeadAxial,67,9.346260532395746e-05,-89.96100624540779
TrailHeadAxial,68,0.00010629845120390032,-89.76602763740382
TrailHeadAxial,69,0.00011913429708384319,-89.58356226108427
TrailHeadAxial,70,0.00013197014296378604,-89.41080414024029
TrailHeadAxial,71,0.0001448059888437289,-89.2455052706515
TrailHeadAxial,72,0.00016588165749779728,-88.98620681143804
TrailHeadAxial,73,0.00018695732615186565,-88.7372554218729
TrailHeadAxial,74,0.00020803299480593403,-88.49527294093052
TrailHeadAxial,75,0.0002291086634600024,-88.25830527314483
TrailHeadAxial,76,0.0002501843321140708,-88.0252245011833
TrailHeadAxial,77,0.00028354300047888807,-87.66291071932855
TrailHeadAxial,78,0.0003169016688437053,-87.3075178772429
TrailHeadAxial,79,0.0003502603372085226,-86.95889376325766
TrailHeadAxial,80,0.00038361900557333983,-86.61745181549847
TrailHeadAxial,81,0.0004169776739381571,-86.28369864603026
TrailHeadAxial,82,0.0004896960629533548,-85.58461592366005
TrailHeadAxial,83,0.0005624144519685525,-84.9272056522332
TrailHeadAxial,84,0.0006351328409837503,-84.31318248381064
TrailHeadAxial,85,0.000707851229998948,-83.74262530257377
TrailHeadAxial,86,0.0007805696190141457,-83.21438883128548
TrailHeadAxial,87,0.0009168382756575951,-82.331441037195
TrailHeadAxial,88,0.0010531069323010444,-81.57576693046838
TrailHeadAxial,89,0.0011893755889444938,-80.93091251609864
TrailHeadAxial,90,0.0013256442455879432,-80.38049023473191
TrailHeadAxial,91,0.0014619129022313926,-79.90962147887528
TrailHeadAxial,92,0.0016710628759704154,-79.31324920246499
TrailHeadAxial,93,0.0018802128497094383,-78.83506242730809
TrailHeadAxial,94,0.002089362823448461,-78.44383849588033
TrailHeadAxial,95,0.0022985127971874835,-78.11567116727295
TrailHeadAxial,96,0.002507662770926506,-77.83238107650014
TrailHeadAxial,97,0.0028713324012860633,-77.40989856330518
TrailHeadAxial,98,0.0032350020316456204,-77.03161168860262
TrailHeadAxial,99,0.0035986716620051776,-76.66708874372432
TrailHeadAxial,100,0.003962341292364735,-76.30067165814874
TrailHeadAxial,101,0.004326010922724293,-75.92469980226022
TrailHeadAxial,102,0.004859598744841302,-75.35039838022749
TrailHeadAxial,103,0.005,-75.19150008799133
TrailHeadAxial,104,0.005393186566958311,-74.74651351041936
TrailHeadAxial,105,0.005926774389075321,-74.11796191007599
TrailHeadAxial,106,0.00646036221119233,-73.4728014844451
TrailHeadAxial,107,0.006993950033309339,-72.81857473164436
TrailHeadAxial,108,0.007715774967090907,-71.93256791417942
TrailHeadAxial,109,0.008437599900872476,-71.05813642039075
TrailHeadAxial,110,0.009159424834654045,-70.20711515943512
TrailHeadAxial,111,0.009881249768435614,-69.38863990298002
TrailHeadAxial,112,0.01,-69.26046864629608
TrailHeadAxial,113,0.010603074702217182,-68.60954913701028
TrailHeadAxial,114,0.01177444901882128,-67.44053760335278
TrailHeadAxial,115,0.012945823335425379,-66.40338012169967
TrailHeadAxial,116,0.014117197652029477,-65.50669717958807
TrailHeadAxial,117,0.015,-64.93906730729167
TrailHeadAxial,118,0.015288571968633575,-64.75351946628246
TrailHeadAxial,119,0.016459946285237673,-64.14309330944324
TrailHeadAxial,120,0.018031231943859145,-63.541364062158124
TrailHeadAxial,121,0.01960251760248062,-63.1727829765276
TrailHeadAxial,122,0.02,-63.13230102016492
TrailHeadAxial,123,0.021173803261102096,-63.01275395923628
TrailHeadAxial,124,0.02274508891972357,-63.030952676242435
TrailHeadAxial,125,0.024316374578345047,-63.19402434330537
TrailHeadAxial,126,0.025,-63.32434286461542
TrailHeadAxial,127,0.026862461890282588,-63.67938126993155
TrailHeadAxial,128,0.02940854920222013,-64.32212827337307
TrailHeadAxial,129,0.03,-64.48252500320152
TrailHeadAxial,130,0.03195463651415767,-65.0126068055273
TrailHeadAxial,131,0.03450072382609521,-65.67321489331034
TrailHeadAxial,132,0.035,-65.78779213623676
TrailHeadAxial,133,0.03704681113803275,-66.25750807551886
TrailHeadAxial,134,0.03959289844997029,-66.74500644539842
TrailHeadAxial,135,0.04,-66.80554614987632
TrailHeadAxial,136,0.042885955032283485,-67.23471392086178
TrailHeadAxial,137,0.045,-67.46261401102001
TrailHeadAxial,138,0.04617901161459667,-67.58971483307793
TrailHeadAxial,139,0.04947206819690986,-67.85697106486094
TrailHeadAxial,140,0.05,-67.89416352032264
TrailHeadAxial,141,0.052765124779223044,-68.0889647798704
TrailHeadAxial,142,0.05605818136153623,-68.3318021150566
TrailHeadAxial,143,0.05994567907839509,-68.67993930854087
TrailHeadAxial,144,0.06,-68.68614633346962
TrailHeadAxial,145,0.06383317679525395,-69.12414744283109
TrailHeadAxial,146,0.065,-69.28922176169651
TrailHeadAxial,147,0.06772067451211282,-69.6741245388394
TrailHeadAxial,148,0.07,-70.05439888596621
TrailHeadAxial,149,0.07160817222897169,-70.32270047241781
TrailHeadAxial,150,0.075,-70.9576225648871
TrailHeadAxial,151,0.07549566994583055,-71.05040787723965
TrailHeadAxial,152,0.07938316766268942,-71.8289862304413
TrailHeadAxial,153,0.08,-71.95427950232576
TrailHeadAxial,154,0.08498316766268943,-72.96647899810672
TrailHeadAxial,155,0.085,-72.96957909302697
TrailHeadAxial,156,0.09,-73.89045385421875
TrailHeadAxial,157,0.09058316766268942,-73.99785873064152
TrailHeadAxial,158,0.095,-74.59448383178736
TrailHeadAxial,159,0.09618316766268942,-74.75430595599649
TrailHeadAxial,160,0.1,-74.94539063510165
TrailHeadAxial,161,0.10178316766268941,-75.03466257332249
TrailHeadAxial,162,0.105,-74.78736608280447
TrailHeadAxial,163,0.1073831676626894,-74.60415821322933
TrailHeadAxial,164,0.11,-73.94569753085821
TrailHeadAxial,165,0.1129831676626894,-73.19505768787128
TrailHeadAxial,166,0.115,-72.22839790584372
TrailHeadAxial,167,0.11858316766268939,-70.51099978220876
TrailHeadAxial,168,0.12,-69.42900398735372
TrailHeadAxial,169,0.12418316766268939,-66.23443417057854
TrailHeadAxial,170,0.125,-65.33013591458479
TrailHeadAxial,171,0.12978316766268938,-60.03478951615868
TrailHeadAxial,172,0.13,-59.70723200573264
TrailHeadAxial,173,0.135,-52.153987999586214
TrailHeadAxial,174,0.13538316766268937,-51.5751562292747
TrailHeadAxial,175,0.14,-41.23286006608914
TrailHeadAxial,176,0.14098316766268937,-40.51127888081655
TrailHeadAxial,177,0.145,-29.251264363169398
TrailHeadAxial,178,0.14658316766268936,-26.48572075387845
TrailHeadAxial,179,0.15,-14.736475833310081
TrailHeadAxial,180,0.15218316766268936,-9.115354926947099
TrailHeadAxial,181,0.155,2.5916543192051105
TrailHeadAxial,182,0.15778316766268935,12.02700978704721
TrailHeadAxial,183,0.16,23.04086752642509
TrailHeadAxial,184,0.16338316766268934,37.43285520972342
TrailHeadAxial,185,0.165,46.954335375757374
TrailHeadAxial,186,0.16898316766268934,67.67181639009428
TrailHeadAxial,187,0.17,74.71706039114055
TrailHeadAxial,188,0.17458316766268933,103.38934024450401
TrailHeadAxial,189,0.175,106.50687474382867
TrailHeadAxial,190,0.18,143.90241991000454
TrailHeadAxial,191,0.18018316766268933,145.2723508306209
TrailHeadAxial,192,0.185,187.2218684135134
TrailHeadAxial,193,0.18578316766268932,194.04243083621986
TrailHeadAxial,194,0.19,236.47067320264455
TrailHeadAxial,195,0.1913831676626893,250.38760613515242
TrailHeadAxial,196,0.195,292.03195798258986
TrailHeadAxial,197,0.1969831676626893,314.8662295813949
TrailHeadAxial,198,0.2,354.1601010536098
TrailHeadAxial,199,0.2025831676626893,387.8055432857019
TrailHeadAxial,200,0.205,422.73104285050266
TrailHeadAxial,201,0.2081831676626893,468.7308083707087
TrailHeadAxial,202,0.21,496.58495814500145
TrailHeadAxial,203,0.2137831676626893,554.5853121313188
TrailHeadAxial,204,0.215,572.328579235052
TrailHeadAxial,205,0.21938316766268928,636.2418335223462
TrailHeadAxial,206,0.22,643.2924766792155
TrailHeadAxial,207,0.22341442028389266,682.3206818382728
TrailHeadAxial,208,0.225,692.2379223398613
TrailHeadAxial,209,0.22744567290509604,707.5347416304115
TrailHeadAxial,210,0.23,705.7473559055238
TrailHeadAxial,211,0.23147692552629942,704.7138799628003
TrailHeadAxial,212,0.235,676.470870511356
TrailHeadAxial,213,0.2355081781475028,672.3970195808465
TrailHeadAxial,214,0.23855329931883085,631.0737933966667
TrailHeadAxial,215,0.24,606.1139165614018
TrailHeadAxial,216,0.2415984204901589,578.5364231070627
TrailHeadAxial,217,0.24412547092471762,528.1973266992371
TrailHeadAxial,218,0.245,509.0375645345759
TrailHeadAxial,219,0.24665252135927634,472.8330321632145
TrailHeadAxial,220,0.24917957179383507,413.19776750797894
TrailHeadAxial,221,0.25,392.6635927806983
TrailHeadAxial,222,0.2517066222283938,349.94921659522834
TrailHeadAxial,223,0.2542336726629525,283.76969435725596
TrailHeadAxial,224,0.255,263.0795331718538
TrailHeadAxial,225,0.25816594446446567,177.6018291841583
TrailHeadAxial,226,0.26,128.91878150463089
TrailHeadAxial,227,0.26209821626597885,73.22386903359298
TrailHeadAxial,228,0.265,4.043582509636806
TrailHeadAxial,229,0.266030488067492,-20.523878853110954
TrailHeadAxial,230,0.26922185965895157,-83.0119547128654
TrailHeadAxial,231,0.27,-94.8031393468699
TrailHeadAxial,232,0.2724132312504111,-131.37090705803536
TrailHeadAxial,233,0.2749215041154614,-160.681899662376
TrailHeadAxial,234,0.275,-161.42803230565232
TrailHeadAxial,235,0.2774297769805117,-184.5239682479902
TrailHeadAxial,236,0.28,-205.17009266820645
TrailHandNormal,0,0.0,142.24349914517845
TrailHandNormal,1,6.50295273752915e-10,142.16554378542972
TrailHandNormal,2,1.30059054750583e-09,142.08769925120518
TrailHandNormal,3,1.9508858212587448e-09,142.00996774849816
TrailHandNormal,4,5.8892604045392844e-09,141.54148826603424
TrailHandNormal,5,9.827634987819825e-09,141.07707056391035
TrailHandNormal,6,1.3766009571100365e-08,140.6167329651267
TrailHandNormal,7,1.7704384154380904e-08,140.1604621527863
TrailHandNormal,8,3.7639310291519766e-08,137.91179717138172
TrailHandNormal,9,5.7574236428658624e-08,135.7628034997297
TrailHandNormal,10,7.750916256579748e-08,133.71000320965416
TrailHandNormal,11,9.744408870293635e-08,131.74988943420513
TrailHandNormal,12,1.787176452732308e-07,124.6517311315126
TrailHandNormal,13,2.5999120184352523e-07,118.83202472281319
TrailHandNormal,14,3.249620037429439e-07,114.97338849686423
TrailHandNormal,15,3.8993280564236253e-07,111.73269701983742
TrailHandNormal,16,4.5490360754178116e-07,109.03874746119462
TrailHandNormal,17,5.198744094411998e-07,106.82781888991113
TrailHandNormal,18,5.848452113406184e-07,105.04310792854338
TrailHandNormal,19,6.770673925396619e-07,103.1436310494738
TrailHandNormal,20,7.692895737387053e-07,101.87697202353402
TrailHandNormal,21,8.615117549377488e-07,101.13826168521396
TrailHandNormal,22,9.537339361367922e-07,100.83878174329892
TrailHandNormal,23,1.0459561173358356e-06,100.90340478007428
TrailHandNormal,24,1.138178298534879e-06,101.26877226700621
TrailHandNormal,25,1.3075080704733324e-06,102.54946929334422
TrailHandNormal,26,1.4768378424117857e-06,104.40951549626477
TrailHandNormal,27,1.646167614350239e-06,106.6622912800009
TrailHandNormal,28,1.8154973862886924e-06,109.1714121504769
TrailHandNormal,29,1.9848271582271455e-06,111.8373711659069
TrailHandNormal,30,2.1541569301655986e-06,114.58887993293729
TrailHandNormal,31,2.449250480892405e-06,119.44163265899516
TrailHandNormal,32,2.7443440316192115e-06,124.24073650654654
TrailHandNormal,33,3.039437582346018e-06,128.90332981002652
TrailHandNormal,34,3.3345311330728243e-06,133.38417376091206
TrailHandNormal,35,3.6296246837996307e-06,137.66089886482587
TrailHandNormal,36,3.924718234526437e-06,141.7280429759828
TrailHandNormal,37,4.450026296754274e-06,148.46029126369515
TrailHandNormal,38,4.975334358982111e-06,154.59101527973112
TrailHandNormal,39,5.500642421209948e-06,160.17357762109873
TrailHandNormal,40,6.025950483437785e-06,165.2502641423298
TrailHandNormal,41,6.551258545665622e-06,169.86158316152384
TrailHandNormal,42,7.0765666078934595e-06,174.04967004709917
TrailHandNormal,43,8.14244892814704e-06,181.3983602483978
TrailHandNormal,44,9.20833124840062e-06,187.42871920165695
TrailHandNormal,45,1.02742135686542e-05,192.35323676044155
TrailHandNormal,46,1.134009588890778e-05,196.3502749389096
TrailHandNormal,47,1.2405978209161358e-05,199.57794881028806
TrailHandNormal,48,1.3471860529414938e-05,202.1701192352175
TrailHandNormal,49,1.541902505888877e-05,205.61181904425774
TrailHandNormal,50,1.7366189588362604e-05,207.80087800035943
TrailHandNormal,51,1.9313354117836436e-05,209.10602840776383
TrailHandNormal,52,2.126051864731027e-05,209.79554231053626
TrailHandNormal,53,2.3207683176784102e-05,210.06109576228144
TrailHandNormal,54,2.5154847706257935e-05,210.03693047984413
TrailHandNormal,55,2.820158190872388e-05,209.64060313904488
TrailHandNormal,56,3.1248316111189826e-05,208.9932878263531
TrailHandNormal,57,3.429505031365577e-05,208.22402581413155
TrailHandNormal,58,3.734178451612172e-05,207.411902854988
TrailHandNormal,59,4.038851871858766e-05,206.6049304814179
TrailHandNormal,60,4.343525292105361e-05,205.82824868285076
TrailHandNormal,61,4.96338373415471e-05,204.39057415873665
TrailHandNormal,62,5.58324217620406e-05,203.14158333737214
TrailHandNormal,63,6.20310061825341e-05,202.06774067032407
TrailHandNormal,64,6.82295906030276e-05,201.1667246992936
TrailHandNormal,65,7.44281750235211e-05,200.42971397030996
TrailHandNormal,66,8.062675944401459e-05,199.83456284496313
TrailHandNormal,67,9.346260532395746e-05,198.9700280662952
TrailHandNormal,68,0.00010629845120390032,198.49880736370443
TrailHandNormal,69,0.00011913429708384319,198.32808631356838
TrailHandNormal,70,0.00013197014296378604,198.38541755368286
TrailHandNormal,71,0.0001448059888437289,198.61260706151785
TrailHandNormal,72,0.00016588165749779728,199.24696901453825
TrailHandNormal,73,0.00018695732615186565,200.0821717929263
TrailHandNormal,74,0.00020803299480593403,201.02747153392045
TrailHandNormal,75,0.0002291086634600024,202.02809017627956
TrailHandNormal,76,0.0002501843321140708,203.05017833582423
TrailHandNormal,77,0.00028354300047888807,204.66625828616873
TrailHandNormal,78,0.0003169016688437053,206.23603786912602
TrailHandNormal,79,0.0003502603372085226,207.74179476976033
TrailHandNormal,80,0.00038361900557333983,209.18307605097502
TrailHandNormal,81,0.0004169776739381571,210.56474801912168
TrailHandNormal,82,0.0004896960629533548,213.39751438555479
TrailHandNormal,83,0.0005624144519685525,216.03398128823403
TrailHandNormal,84,0.0006351328409837503,218.53030964087415
TrailHandNormal,85,0.000707851229998948,220.92879126181631
TrailHandNormal,86,0.0007805696190141457,223.25679211880936
TrailHandNormal,87,0.0009168382756575951,227.48049089763728
TrailHandNormal,88,0.0010531069323010444,231.58656029749991
TrailHandNormal,89,0.0011893755889444938,235.6054698220567
TrailHandNormal,90,0.0013256442455879432,239.54189843656386
TrailHandNormal,91,0.0014619129022313926,243.39180048371634
TrailHandNormal,92,0.0016710628759704154,249.12084248917085
TrailHandNormal,93,0.0018802128497094383,254.61674435079874
TrailHandNormal,94,0.002089362823448461,259.8652760051985
TrailHandNormal,95,0.0022985127971874835,264.8586227174916
TrailHandNormal,96,0.002507662770926506,269.5965034588123
TrailHandNormal,97,0.0028713324012860633,277.2490178685914
TrailHandNormal,98,0.0032350020316456204,284.20180214859533
TrailHandNormal,99,0.0035986716620051776,290.5305452872356
TrailHandNormal,100,0.003962341292364735,296.3197313716614
TrailHandNormal,101,0.004326010922724293,301.65182088607986
TrailHandNormal,102,0.004859598744841302,308.8011050978476
TrailHandNormal,103,0.005,310.5183303010943
TrailHandNormal,104,0.005393186566958311,315.32733205535686
TrailHandNormal,105,0.005926774389075321,321.3911852656817
TrailHandNormal,106,0.00646036221119233,327.11036588194486
TrailHandNormal,107,0.006993950033309339,332.56127136173507
TrailHandNormal,108,0.007715774967090907,339.5980721040907
TrailHandNormal,109,0.008437599900872476,346.30210833509636
TrailHandNormal,110,0.009159424834654045,352.6857542066917
TrailHandNormal,111,0.009881249768435614,358.73115801735526
TrailHandNormal,112,0.01,359.66520502200615
TrailHandNormal,113,0.010603074702217182,364.4087757230138
TrailHandNormal,114,0.01177444901882128,372.76724575830116
TrailHandNormal,115,0.012945823335425379,379.9869374031795
TrailHandNormal,116,0.014117197652029477,386.02056085720386
TrailHandNormal,117,0.015,389.68116333011506
TrailHandNormal,118,0.015288571968633575,390.87774744027445
TrailHandNormal,119,0.016459946285237673,394.61701448948935
TrailHandNormal,120,0.018031231943859145,398.0426625638503
TrailHandNormal,121,0.01960251760248062,399.8799769650073
TrailHandNormal,122,0.02,400.0131583108585
TrailHandNormal,123,0.021173803261102096,400.40645547081766
TrailHandNormal,124,0.02274508891972357,399.89468882222366
TrailHandNormal,125,0.024316374578345047,398.59600924671474
TrailHandNormal,126,0.025,397.7334514271357
TrailHandNormal,127,0.026862461890282588,395.3835079986978
TrailHandNormal,128,0.02940854920222013,391.48092102033854
TrailHandNormal,129,0.03,390.55361229075356
TrailHandNormal,130,0.03195463651415767,387.48902685178257
TrailHandNormal,131,0.03450072382609521,383.8284497569649
TrailHandNormal,132,0.035,383.2281993461243
TrailHandNormal,133,0.03704681113803275,380.7674385673582
TrailHandNormal,134,0.03959289844997029,378.4503939655085
TrailHandNormal,135,0.04,378.223483097062
TrailHandNormal,136,0.042885955032283485,376.61490518173525
TrailHandNormal,137,0.045,376.2582633965459
TrailHandNormal,138,0.04617901161459667,376.05936279915556
TrailHandNormal,139,0.04947206819690986,376.63887318592987
TrailHandNormal,140,0.05,376.8823957711198
TrailHandNormal,141,0.052765124779223044,378.1578831175303
TrailHandNormal,142,0.05605818136153623,380.4230681076696
TrailHandNormal,143,0.05994567907839509,383.8420306248154
TrailHandNormal,144,0.06,383.8985850557692
TrailHandNormal,145,0.06383317679525395,387.8893703001305
TrailHandNormal,146,0.065,389.2609389334365
TrailHandNormal,147,0.06772067451211282,392.45901710592284
TrailHandNormal,148,0.07,395.4173601561009
TrailHandNormal,149,0.07160817222897169,397.50461147775303
TrailHandNormal,150,0.075,402.30175867923106
TrailHandNormal,151,0.07549566994583055,403.0027971322469
TrailHandNormal,152,0.07938316766268942,408.9348025230149
TrailHandNormal,153,0.08,409.95558245764323
TrailHandNormal,154,0.08498316766268943,418.20209816909306
TrailHandNormal,155,0.085,418.2323115306041
TrailHandNormal,156,0.09,427.20710836171423
TrailHandNormal,157,0.09058316766268942,428.25387061993644
TrailHandNormal,158,0.095,436.71526357266185
TrailHandNormal,159,0.09618316766268942,438.9818758772323
TrailHandNormal,160,0.1,446.6616444854145
TrailHandNormal,161,0.10178316766268941,450.2495188872272
TrailHandNormal,162,0.105,456.9466899200307
TrailHandNormal,163,0.1073831676626894,461.9082420816895
TrailHandNormal,164,0.11,467.4695143497751
TrailHandNormal,165,0.1129831676626894,473.809319677393
TrailHandNormal,166,0.115,478.1304827633305
TrailHandNormal,167,0.11858316766268939,485.80759679422965
TrailHandNormal,168,0.12,488.83136847600065
TrailHandNormal,169,0.12418316766268939,497.7589907397261
TrailHandNormal,170,0.125,499.47364278977125
TrailHandNormal,171,0.12978316766268938,509.51422010768573
TrailHandNormal,172,0.13,509.9556803992867
TrailHandNormal,173,0.135,520.1354418010308
TrailHandNormal,174,0.13538316766268937,520.9155528776391
TrailHandNormal,175,0.14,529.5903842078551
TrailHandNormal,176,0.14098316766268937,531.7911913942353
TrailHandNormal,177,0.145,538.7626767800059
TrailHandNormal,178,0.14658316766268936,541.9598758679374
TrailHandNormal,179,0.15,547.2755225736912
TrailHandNormal,180,0.15218316766268936,551.2295522128769
TrailHandNormal,181,0.155,554.9831804424281
TrailHandNormal,182,0.15778316766268935,559.3839801923837
TrailHandNormal,183,0.16,561.7193283712293
TrailHandNormal,184,0.16338316766268934,566.1543440132689
TrailHandNormal,185,0.165,567.2819360272377
TrailHandNormal,186,0.16898316766268934,571.1827523245163
TrailHandNormal,187,0.17,571.4189725751382
TrailHandNormal,188,0.17458316766268933,573.9653150490523
TrailHandNormal,189,0.175,573.9518653960417
TrailHandNormal,190,0.18,573.7905337069355
TrailHandNormal,191,0.18018316766268933,573.7846235572533
TrailHandNormal,192,0.185,570.3230304722812
TrailHandNormal,193,0.18578316766268932,569.7602108481601
TrailHandNormal,194,0.19,563.0363349982665
TrailHandNormal,195,0.1913831676626893,560.830829324915
TrailHandNormal,196,0.195,551.1004944629558
TrailHandNormal,197,0.1969831676626893,545.7651944972062
TrailHandNormal,198,0.2,533.6462781233707
TrailHandNormal,199,0.2025831676626893,523.2694359977544
TrailHandNormal,200,0.205,509.6591547381776
TrailHandNormal,201,0.2081831676626893,491.7332909880263
TrailHandNormal,202,0.21,477.71618262887637
TrailHandNormal,203,0.2137831676626893,448.5285300427043
TrailHandNormal,204,0.215,435.6734472019794
TrailHandNormal,205,0.21938316766268928,389.36798532282995
TrailHandNormal,206,0.22,380.8958869076646
TrailHandNormal,207,0.22341442028389266,333.99934318559997
TrailHandNormal,208,0.225,307.49506010531434
TrailHandNormal,209,0.22744567290509604,266.61360435764163
TrailHandNormal,210,0.23,217.11611027827706
TrailHandNormal,211,0.23147692552629942,188.49639566165087
TrailHandNormal,212,0.235,114.34053611968558
TrailHandNormal,213,0.2355081781475028,103.64408686497202
TrailHandNormal,214,0.23855329931883085,38.42676663872612
TrailHandNormal,215,0.24,8.17688745766155
TrailHandNormal,216,0.2415984204901589,-25.24538664313542
TrailHandNormal,217,0.24412547092471762,-75.74876173631144
TrailHandNormal,218,0.245,-92.2474355362005
TrailHandNormal,219,0.24665252135927634,-123.42354119654844
TrailHandNormal,220,0.24917957179383507,-167.81894058241647
TrailHandNormal,221,0.25,-181.06618099054455
TrailHandNormal,222,0.2517066222283938,-208.62256529754995
TrailHandNormal,223,0.2542336726629525,-245.74550709055075
TrailHandNormal,224,0.255,-255.6028799840528
TrailHandNormal,225,0.25816594446446567,-296.32685476302095
TrailHandNormal,226,0.26,-316.2435431907501
TrailHandNormal,227,0.26209821626597885,-339.02885084029117
TrailHandNormal,228,0.265,-366.14504610859143
TrailHandNormal,229,0.266030488067492,-375.77461130745775
TrailHandNormal,230,0.26922185965895157,-402.9261461423194
TrailHandNormal,231,0.27,-409.23796979265217
TrailHandNormal,232,0.2724132312504111,-428.81270365048516
TrailHandNormal,233,0.2749215041154614,-448.38184531998206
TrailHandNormal,234,0.275,-448.96295088159053
TrailHandNormal,235,0.2774297769805117,-466.95060622355754
TrailHandNormal,236,0.28,-484.48815183074964
LeadHandCFAxial,0,0.005,-9.855774267331352
LeadHandCFAxial,1,0.01,-12.42225552653298
LeadHandCFAxial,2,0.015,-17.166761055474073
LeadHandCFAxial,3,0.02,-21.74644285883409
LeadHandCFAxial,4,0.025,-25.00675185129809
LeadHandCFAxial,5,0.03,-26.792061921436332
LeadHandCFAxial,6,0.035,-27.451071234548493
LeadHandCFAxial,7,0.04,-27.43236727759143
LeadHandCFAxial,8,0.045,-27.068494923646565
LeadHandCFAxial,9,0.05,-26.54296026034993
LeadHandCFAxial,10,0.055,-25.909798049687065
LeadHandCFAxial,11,0.06,-25.165986497582182
LeadHandCFAxial,12,0.065,-24.305914845093554
LeadHandCFAxial,13,0.07,-23.367286113802738
LeadHandCFAxial,14,0.075,-22.445245954193453
LeadHandCFAxial,15,0.08,-21.687391283792316
LeadHandCFAxial,16,0.085,-21.288495694689114
LeadHandCFAxial,17,0.09,-21.483390544928593
LeadHandCFAxial,18,0.095,-22.539081603110667
LeadHandCFAxial,19,0.1,-24.743676980253472
LeadHandCFAxial,20,0.105,-28.395899082676177
LeadHandCFAxial,21,0.11,-33.79338737034151
LeadHandCFAxial,22,0.115,-41.2202732024557
LeadHandCFAxial,23,0.12,-50.93406128014044
LeadHandCFAxial,24,0.125,-63.1527075382383
LeadHandCFAxial,25,0.13,-78.04280065133048
LeadHandCFAxial,26,0.135,-95.70935542991114
LeadHandCFAxial,27,0.14,-116.19179223973427
LeadHandCFAxial,28,0.145,-139.46100071471554
LeadHandCFAxial,29,0.15,-165.42100928757108
LeadHandCFAxial,30,0.155,-193.91699932123512
LeadHandCFAxial,31,0.16,-224.7485405798735
LeadHandCFAxial,32,0.165,-257.68796383164295
LeadHandCFAxial,33,0.17,-292.50525676805506
LeadHandCFAxial,34,0.175,-328.9928553337821
LeadHandCFAxial,35,0.18,-366.99208513421445
LeadHandCFAxial,36,0.185,-406.4447322704242
LeadHandCFAxial,37,0.19,-447.4257012592122
LeadHandCFAxial,38,0.195,-490.186359443751
LeadHandCFAxial,39,0.2,-535.1798802823896
LeadHandCFAxial,40,0.205,-582.9977023453788
LeadHandCFAxial,41,0.21,-633.909227386364
LeadHandCFAxial,42,0.215,-686.6681577661352
LeadHandCFAxial,43,0.22,-736.4992869910349
LeadHandCFAxial,44,0.225,-773.9252049662045
LeadHandCFAxial,45,0.23,-789.170729709347
LeadHandCFAxial,46,0.235,-785.035953416045
LeadHandCFAxial,47,0.24,-784.3659685596498
LeadHandCFAxial,48,0.245,-813.8251858303938
LeadHandCFAxial,49,0.25,-872.8975960050931
LeadHandCFAxial,50,0.255,-928.2276262712614
LeadHandCFAxial,51,0.26,-939.093203408107
LeadHandCFAxial,52,0.265,-885.2257793376666
LeadHandCFAxial,53,0.27,-773.70787474624
LeadHandCFAxial,54,0.275,-625.5918500153884
LeadHandCFNormal,0,0.005,-451.7640308433541
LeadHandCFNormal,1,0.01,-481.7735130582132
LeadHandCFNormal,2,0.015,-512.1216524616233
LeadHandCFNormal,3,0.02,-532.3865493545485
LeadHandCFNormal,4,0.025,-541.1833686860616
LeadHandCFNormal,5,0.03,-541.9185559324866
LeadHandCFNormal,6,0.035,-538.7357402062553
LeadHandCFNormal,7,0.04,-534.9121264196631
LeadHandCFNormal,8,0.045,-532.3859207163588
LeadHandCFNormal,9,0.05,-531.999113304761
LeadHandCFNormal,10,0.055,-533.6882135039416
LeadHandCFNormal,11,0.06,-536.9644063314356
LeadHandCFNormal,12,0.065,-541.1877686034702
LeadHandCFNormal,13,0.07,-545.7896033508576
LeadHandCFNormal,14,0.075,-550.3379890912043
LeadHandCFNormal,15,0.08,-554.490821425086
LeadHandCFNormal,16,0.085,-557.9701810485418
LeadHandCFNormal,17,0.09,-560.5483677729388
LeadHandCFNormal,18,0.095,-562.0315935357204
LeadHandCFNormal,19,0.1,-562.2476401723025
LeadHandCFNormal,20,0.105,-561.0457404625771
LeadHandCFNormal,21,0.11,-558.2998254358342
LeadHandCFNormal,22,0.115,-553.9107077355992
LeadHandCFNormal,23,0.12,-547.806154924789
LeadHandCFNormal,24,0.125,-539.9373422122663
LeadHandCFNormal,25,0.13,-530.2720205501984
LeadHandCFNormal,26,0.135,-518.7885116568448
LeadHandCFNormal,27,0.14,-505.467384928726
LeadHandCFNormal,28,0.145,-490.2935296260046
LeadHandCFNormal,29,0.15,-473.2601451510154
LeadHandCFNormal,30,0.155,-454.3743192367379
LeadHandCFNormal,31,0.16,-433.6617444089295
LeadHandCFNormal,32,0.165,-411.16978010412805
LeadHandCFNormal,33,0.17,-386.9706931088375
LeadHandCFNormal,34,0.175,-361.15204546373127
LeadHandCFNormal,35,0.18,-333.80677376720155
LeadHandCFNormal,36,0.185,-305.03548979729777
LeadHandCFNormal,37,0.19,-274.9412241510578
LeadHandCFNormal,38,0.195,-243.6062110916818
LeadHandCFNormal,39,0.2,-211.04376801346822
LeadHandCFNormal,40,0.205,-177.08311704644805
LeadHandCFNormal,41,0.21,-141.03934351975636
LeadHandCFNormal,42,0.215,-101.2227480145314
LeadHandCFNormal,43,0.22,-54.53808296733344
LeadHandCFNormal,44,0.225,3.0188021654808836
LeadHandCFNormal,45,0.23,74.3877350765488
LeadHandCFNormal,46,0.235,157.99990553306307
LeadHandCFNormal,47,0.24,247.30468978020156
LeadHandCFNormal,48,0.245,334.1663493656315
LeadHandCFNormal,49,0.25,412.95698509559446
LeadHandCFNormal,50,0.255,481.3354008987499
LeadHandCFNormal,51,0.26,539.6236108431034
LeadHandCFNormal,52,0.265,589.7260953536243
LeadHandCFNormal,53,0.27,634.3342582246993
LeadHandCFNormal,54,0.275,673.990814779146
TrailHandCFAxial,0,0.005,6.6306008246810535
TrailHandCFAxial,1,0.01,12.309059226138984
TrailHandCFAxial,2,0.015,18.99876460077462
TrailHandCFAxial,3,0.02,24.36297559339212
TrailHandCFAxial,4,0.025,27.321689678534995
TrailHandCFAxial,5,0.03,28.048874974533334
TrailHandCFAxial,6,0.035,27.29399483890512
TrailHandCFAxial,7,0.04,25.748524863270113
TrailHandCFAxial,8,0.045,23.819675182077546
TrailHandCFAxial,9,0.05,21.66843043934358
TrailHandCFAxial,10,0.055,19.272136244215062
TrailHandCFAxial,11,0.06,16.54513020236564
TrailHandCFAxial,12,0.065,13.408766331950645
TrailHandCFAxial,13,0.07,9.82949545577489
TrailHandCFAxial,14,0.075,5.8297344411203795
TrailHandCFAxial,15,0.08,1.4799043753731522
TrailHandCFAxial,16,0.085,-3.1121563945619073
TrailHandCFAxial,17,0.09,-7.805339789048517
TrailHandCFAxial,18,0.095,-12.433815500439522
TrailHandCFAxial,19,0.1,-16.81640938523431
TrailHandCFAxial,20,0.105,-20.763625264443903
TrailHandCFAxial,21,0.11,-24.084001211129504
TrailHandCFAxial,22,0.115,-26.59186246246618
TrailHandCFAxial,23,0.12,-28.116244448141217
TrailHandCFAxial,24,0.125,-28.510065357158
TrailHandCFAxial,25,0.13,-27.658341700395148
TrailHandCFAxial,26,0.135,-25.484859643379906
TrailHandCFAxial,27,0.14,-21.955658817133695
TrailHandCFAxial,28,0.145,-17.08044232529432
TrailHandCFAxial,29,0.15,-10.911446579002295
TrailHandCFAxial,30,0.155,-3.5395597634644176
TrailHandCFAxial,31,0.16,4.912528749356344
TrailHandCFAxial,32,0.165,14.300139716807893
TrailHandCFAxial,33,0.17,24.46989096790889
TrailHandCFAxial,34,0.175,35.27653213743375
TrailHandCFAxial,35,0.18,46.604324764487174
TrailHandCFAxial,36,0.185,58.41545892382317
TrailHandCFAxial,37,0.19,70.79961881329291
TrailHandCFAxial,38,0.195,84.04937132871137
TrailHandCFAxial,39,0.2,98.73986490019836
TrailHandCFAxial,40,0.205,115.74359349946977
TrailHandCFAxial,41,0.21,135.90847097595793
TrailHandCFAxial,42,0.215,159.06483061206063
TrailHandCFAxial,43,0.22,182.23258215633064
TrailHandCFAxial,44,0.225,198.48588075100957
TrailHandCFAxial,45,0.23,200.51763953713197
TrailHandCFAxial,46,0.235,192.2827837025596
TrailHandCFAxial,47,0.24,195.64199978682188
TrailHandCFAxial,48,0.245,234.98154641922093
TrailHandCFAxial,49,0.25,308.1741779041008
TrailHandCFAxial,50,0.255,381.1422163909767
TrailHandCFAxial,51,0.26,412.2260238489721
TrailHandCFAxial,52,0.265,379.1423083912058
TrailHandCFAxial,53,0.27,286.99411609205765
TrailHandCFAxial,54,0.275,156.96719563753263
TrailHandCFNormal,0,0.005,486.479402243676
TrailHandCFNormal,1,0.01,515.8760295348758
TrailHandCFNormal,2,0.015,547.1061231044379
TrailHandCFNormal,3,0.02,568.4761044811291
TrailHandCFNormal,4,0.025,578.1101237219173
TrailHandCFNormal,5,0.03,579.3548825151325
TrailHandCFNormal,6,0.035,576.4113239849495
TrailHandCFNormal,7,0.04,572.668543566024
TrailHandCFNormal,8,0.045,570.1745745842351
TrailHandCFNormal,9,0.05,569.8527754263207
TrailHandCFNormal,10,0.055,571.6817662366302
TrailHandCFNormal,11,0.06,575.181593920607
TrailHandCFNormal,12,0.065,579.697717267139
TrailHandCFNormal,13,0.07,584.6412091367888
TrailHandCFNormal,14,0.075,589.5641391111321
TrailHandCFNormal,15,0.08,594.1113553438664
TrailHandCFNormal,16,0.085,597.9964436331143
TrailHandCFNormal,17,0.09,600.9862779943701
TrailHandCFNormal,18,0.095,602.8836239864083
TrailHandCFNormal,19,0.1,603.513405376825
TrailHandCFNormal,20,0.105,602.7213343194695
TrailHandCFNormal,21,0.11,600.3755994440932
TrailHandCFNormal,22,0.115,596.3678505587515
TrailHandCFNormal,23,0.12,590.6126865128895
TrailHandCFNormal,24,0.125,583.0437457000311
TrailHandCFNormal,25,0.13,573.6064350724656
TrailHandCFNormal,26,0.135,562.2517416863891
TrailHandCFNormal,27,0.14,548.9277546568719
TrailHandCFNormal,28,0.145,533.5824623568976
TrailHandCFNormal,29,0.15,516.1688192036211
TrailHandCFNormal,30,0.155,496.6520820636641
TrailHandCFNormal,31,0.16,475.0164159588494
TrailHandCFNormal,32,0.165,451.26997563901307
TrailHandCFNormal,33,0.17,425.4514168697683
TrailHandCFNormal,34,0.175,397.6211803044256
TrailHandCFNormal,35,0.18,367.8548109584358
TrailHandCFNormal,36,0.185,336.2450786682346
TrailHandCFNormal,37,0.19,302.9018038536116
TrailHandCFNormal,38,0.195,267.92876020143405
TrailHandCFNormal,39,0.2,231.3684587281205
TrailHandCFNormal,40,0.205,193.06825934815603
TrailHandCFNormal,41,0.21,152.30067246751537
TrailHandCFNormal,42,0.215,107.19479574670389
TrailHandCFNormal,43,0.22,54.261232383351775
TrailHandCFNormal,44,0.225,-11.047341898251076
TrailHandCFNormal,45,0.23,-92.0886933989851
TrailHandCFNormal,46,0.235,-187.04105987705606
TrailHandCFNormal,47,0.24,-288.3048955737037
TrailHandCFNormal,48,0.245,-386.2891736946215
TrailHandCFNormal,49,0.25,-474.1724772778539
TrailHandCFNormal,50,0.255,-549.1832344862141
TrailHandCFNormal,51,0.26,-612.026034002565
TrailHandCFNormal,52,0.265,-665.4075071783451
TrailHandCFNormal,53,0.27,-712.7386968105067
TrailHandCFNormal,54,0.275,-754.6447763251892
LHDiffAxial,0,0.005,57.74836225572612
LHDiffAxial,1,0.01,56.96453756348146
LHDiffAxial,2,0.015,59.97778399564224
LHDiffAxial,3,0.02,64.56593268595071
LHDiffAxial,4,0.025,68.68691912499237
LHDiffAxial,5,0.03,71.35449807422096
LHDiffAxial,6,0.035,72.48283269433048
LHDiffAxial,7,0.04,72.40905409364609
LHDiffAxial,8,0.045,71.55123974238599
LHDiffAxial,9,0.05,70.26458549232109
LHDiffAxial,10,0.055,69.13630023623979
LHDiffAxial,11,0.06,66.93948927850525
LHDiffAxial,12,0.065,64.92929766456041
LHDiffAxial,13,0.07,62.64884277115557
LHDiffAxial,14,0.075,60.087765245386635
LHDiffAxial,15,0.08,57.19338248593386
LHDiffAxial,16,0.085,54.09326706548485
LHDiffAxial,17,0.09,50.661939988686186
LHDiffAxial,18,0.095,47.02536482911975
LHDiffAxial,19,0.1,43.236207822088176
LHDiffAxial,20,0.105,39.33386253216891
LHDiffAxial,21,0.11,35.339214440909906
LHDiffAxial,22,0.115,31.246910348548234
LHDiffAxial,23,0.12,27.01791240066852
LHDiffAxial,24,0.125,22.572758913627652
LHDiffAxial,25,0.13,17.785932788580403
LHDiffAxial,26,0.135,12.16629004312884
LHDiffAxial,27,0.14,3.505511636072981
LHDiffAxial,28,0.145,-4.06456196081362
LHDiffAxial,29,0.15,-13.038408923810096
LHDiffAxial,30,0.155,-23.819577604160628
LHDiffAxial,31,0.16,-36.86386267814956
LHDiffAxial,32,0.165,-52.667782452992526
LHDiffAxial,33,0.17,-71.75177994651472
LHDiffAxial,34,0.175,-94.34775564242045
LHDiffAxial,35,0.18,-122.22156450599203
LHDiffAxial,36,0.185,-155.47540791866084
LHDiffAxial,37,0.19,-193.73793594848547
LHDiffAxial,38,0.195,-236.88579997714083
LHDiffAxial,39,0.2,-284.397398830269
LHDiffAxial,40,0.205,-335.1149210380614
LHDiffAxial,41,0.21,-386.94565045248294
LHDiffAxial,42,0.215,-436.7081374333038
LHDiffAxial,43,0.22,-481.0797618465341
LHDiffAxial,44,0.225,-508.92593306168396
LHDiffAxial,45,0.23,-515.1535284090706
LHDiffAxial,46,0.235,-488.6234578042988
LHDiffAxial,47,0.24,-408.27019146313216
LHDiffAxial,48,0.245,-264.80688661404633
LHDiffAxial,49,0.25,-68.67695736772498
LHDiffAxial,50,0.255,138.02431882297208
LHDiffAxial,51,0.26,304.2021610310503
LHDiffAxial,52,0.265,395.4030269161061
LHDiffAxial,53,0.27,403.340856271244
LHDiffAxial,54,0.275,345.4684848714313
LHDiffNormal,0,0.005,179.90931519141503
LHDiffNormal,1,0.01,160.15585945297005
LHDiffNormal,2,0.015,161.43997846440067
LHDiffNormal,3,0.02,172.5681876325895
LHDiffNormal,4,0.025,184.54495895652752
LHDiffNormal,5,0.03,193.0031941075186
LHDiffNormal,6,0.035,197.38517143609857
LHDiffNormal,7,0.04,198.62223405506694
LHDiffNormal,8,0.045,198.0549909276212
LHDiffNormal,9,0.05,197.0630394742749
LHDiffNormal,10,0.055,197.5144936244315
LHDiffNormal,11,0.06,195.27567156842974
LHDiffNormal,12,0.065,194.38193465832967
LHDiffNormal,13,0.07,193.1164053282276
LHDiffNormal,14,0.075,191.09797655266811
LHDiffNormal,15,0.08,187.9313981804363
LHDiffNormal,16,0.085,183.47473440572116
LHDiffNormal,17,0.09,177.41904607665458
LHDiffNormal,18,0.095,169.73086741633546
LHDiffNormal,19,0.1,160.33015269543665
LHDiffNormal,20,0.105,149.16198408537667
LHDiffNormal,21,0.11,136.1956040540835
LHDiffNormal,22,0.115,121.42322900601874
LHDiffNormal,23,0.12,104.85946726652253
LHDiffNormal,24,0.125,86.53918463259049
LHDiffNormal,25,0.13,66.51324012374391
LHDiffNormal,26,0.135,44.86867954673079
LHDiffNormal,27,0.14,21.893615386509964
LHDiffNormal,28,0.145,-2.7320215915354424
LHDiffNormal,29,0.15,-28.744647834525267
LHDiffNormal,30,0.155,-56.02386025745426
LHDiffNormal,31,0.16,-84.40919050424793
LHDiffNormal,32,0.165,-113.68127569567235
LHDiffNormal,33,0.17,-143.5416486034211
LHDiffNormal,34,0.175,-173.72890205975193
LHDiffNormal,35,0.18,-203.14702278594484
LHDiffNormal,36,0.185,-231.0707921948205
LHDiffNormal,37,0.19,-256.84892142743604
LHDiffNormal,38,0.195,-279.56292219535607
LHDiffNormal,39,0.2,-298.32806753696923
LHDiffNormal,40,0.205,-312.3251340692116
LHDiffNormal,41,0.21,-320.9086524015281
LHDiffNormal,42,0.215,-323.83945180194695
LHDiffNormal,43,0.22,-321.92016526392075
LHDiffNormal,44,0.225,-314.08209050823746
LHDiffNormal,45,0.23,-305.0948548791606
LHDiffNormal,46,0.235,-297.7850835319297
LHDiffNormal,47,0.24,-293.80092495844866
LHDiffNormal,48,0.245,-292.8362361053791
LHDiffNormal,49,0.25,-294.1075394410615
LHDiffNormal,50,0.255,-297.52779734826026
LHDiffNormal,51,0.26,-303.1829352948665
LHDiffNormal,52,0.265,-310.1184211889603
LHDiffNormal,53,0.27,-317.00558468587235
LHDiffNormal,54,0.275,-320.53753924421915
THDiffAxial,0,0.005,-81.82210091267238
THDiffAxial,1,0.01,-81.56952787243506
THDiffAxial,2,0.015,-83.93783190806629
THDiffAxial,3,0.02,-87.49527661355704
THDiffAxial,4,0.025,-90.64603254315041
THDiffAxial,5,0.03,-92.53139997773485
THDiffAxial,6,0.035,-93.08178697514188
THDiffAxial,7,0.04,-92.55407101314643
THDiffAxial,8,0.045,-91.28228919309755
THDiffAxial,9,0.05,-89.56259395966622
THDiffAxial,10,0.055,-87.36110102408546
THDiffAxial,11,0.06,-85.23127653583526
THDiffAxial,12,0.065,-82.69798809364715
THDiffAxial,13,0.07,-79.8838943417411
THDiffAxial,14,0.075,-76.78735700600748
THDiffAxial,15,0.08,-73.43418387769891
THDiffAxial,16,0.085,-69.85742269846506
THDiffAxial,17,0.09,-66.08511406517023
THDiffAxial,18,0.095,-62.160668331347836
THDiffAxial,19,0.1,-58.12898124986734
THDiffAxial,20,0.105,-54.023740818360565
THDiffAxial,21,0.11,-49.86169631972871
THDiffAxial,22,0.115,-45.63653544337754
THDiffAxial,23,0.12,-41.31275953921251
THDiffAxial,24,0.125,-36.82007055742679
THDiffAxial,25,0.13,-32.048890305337494
THDiffAxial,26,0.135,-26.669128356206308
THDiffAxial,27,0.14,-19.277201248955443
THDiffAxial,28,0.145,-12.170822037875077
THDiffAxial,29,0.15,-3.825029254307786
THDiffAxial,30,0.155,6.131214082669528
THDiffAxial,31,0.16,18.128338777068745
THDiffAxial,32,0.165,32.65419565894948
THDiffAxial,33,0.17,50.24716942323166
THDiffAxial,34,0.175,71.23034260639493
THDiffAxial,35,0.18,97.29809514551737
THDiffAxial,36,0.185,128.80640948969022
THDiffAxial,37,0.19,165.67105438935164
THDiffAxial,38,0.195,207.98258665387849
THDiffAxial,39,0.2,255.42023615341145
THDiffAxial,40,0.205,306.98744935103286
THDiffAxial,41,0.21,360.6764871690435
THDiffAxial,42,0.215,413.26374862299133
THDiffAxial,43,0.22,461.05989452288486
THDiffAxial,44,0.225,493.7520415888517
THDiffAxial,45,0.23,505.22971636839185
THDiffAxial,46,0.235,484.18808680879636
THDiffAxial,47,0.24,410.4719167745799
THDiffAxial,48,0.245,274.05601811535496
THDiffAxial,49,0.25,84.4894148765975
THDiffAxial,50,0.255,-118.0626832191229
THDiffAxial,51,0.26,-283.3072423443412
THDiffAxial,52,0.265,-375.098725881569
THDiffAxial,53,0.27,-381.79725543892755
THDiffAxial,54,0.275,-318.395227943185
THDiffNormal,0,0.005,-175.96107194258173
THDiffNormal,1,0.01,-156.21082451286964
THDiffNormal,2,0.015,-157.42495977432282
THDiffNormal,3,0.02,-168.46294617027064
THDiffNormal,4,0.025,-180.37667229478154
THDiffNormal,5,0.03,-188.80127022437898
THDiffNormal,6,0.035,-193.18312463882518
THDiffNormal,7,0.04,-194.44506046896203
THDiffNormal,8,0.045,-193.9163111876892
THDiffNormal,9,0.05,-192.97037965520093
THDiffNormal,10,0.055,-193.52388311909993
THDiffNormal,11,0.06,-191.28300886483783
THDiffNormal,12,0.065,-190.43677833370248
THDiffNormal,13,0.07,-189.22384898068788
THDiffNormal,14,0.075,-187.26238043190108
THDiffNormal,15,0.08,-184.1557728862232
THDiffNormal,16,0.085,-179.7641321025102
THDiffNormal,17,0.09,-173.77916963265585
THDiffNormal,18,0.095,-166.16836041374648
THDiffNormal,19,0.1,-156.85176089141044
THDiffNormal,20,0.105,-145.77464439943884
THDiffNormal,21,0.11,-132.90608509431803
THDiffNormal,22,0.115,-118.23736779542094
THDiffNormal,23,0.12,-101.78131803688882
THDiffNormal,24,0.125,-83.57010291025983
THDiffNormal,25,0.13,-63.65075467317894
THDiffNormal,26,0.135,-42.11629988535833
THDiffNormal,27,0.14,-19.337370449016817
THDiffNormal,28,0.145,5.180214423108282
THDiffNormal,29,0.15,31.106703370070136
THDiffNormal,30,0.155,58.331098378763954
THDiffNormal,31,0.16,86.70291241237987
THDiffNormal,32,0.165,116.01196038822468
THDiffNormal,33,0.17,145.96755570536993
THDiffNormal,34,0.175,176.33068509161615
THDiffNormal,35,0.18,205.93572274849976
THDiffNormal,36,0.185,234.07795180404656
THDiffNormal,37,0.19,260.1345311446549
THDiffNormal,38,0.195,283.17173426152175
THDiffNormal,39,0.2,302.2778193952503
THDiffNormal,40,0.205,316.5908953900216
THDiffNormal,41,0.21,325.415510161361
THDiffNormal,42,0.215,328.4786514552755
THDiffNormal,43,0.22,326.6346545243128
THDiffNormal,44,0.225,318.5424020035654
THDiffNormal,45,0.23,309.20480367726213
THDiffNormal,46,0.235,301.3815959967416
THDiffNormal,47,0.24,296.48178303136524
THDiffNormal,48,0.245,294.041738158421
THDiffNormal,49,0.25,293.1062962873093
THDiffNormal,50,0.255,293.5803545021613
THDiffNormal,51,0.26,295.7824908118149
THDiffNormal,52,0.265,299.26246106975367
THDiffNormal,53,0.27,303.5007270178545
THDiffNormal,54,0.275,305.6818254435987
Wrist Torque,0,0.0,16.799999999999777
Wrist Torque,1,6.50295273752915e-10,16.79999977735977
Wrist Torque,2,1.30059054750583e-09,16.79999955430089
Wrist Torque,3,1.9508858212587448e-09,16.799999330816846
Wrist Torque,4,5.8892604045392844e-09,16.79999796869876
Wrist Torque,5,9.827634987819825e-09,16.79999659126161
Wrist Torque,6,1.3766009571100365e-08,16.799995198459058
Wrist Torque,7,1.7704384154380904e-08,16.799993790364663
Wrist Torque,8,3.7639310291519766e-08,16.79998643552532
Wrist Torque,9,5.7574236428658624e-08,16.79997870969815
Wrist Torque,10,7.750916256579748e-08,16.799970628804335
Wrist Torque,11,9.744408870293635e-08,16.799962208872937
Wrist Torque,12,1.787176452732308e-07,16.79992467372868
Wrist Torque,13,2.5999120184352523e-07,16.799882696268682
Wrist Torque,14,3.249620037429439e-07,16.799846513884994
Wrist Torque,15,3.8993280564236253e-07,16.799808391151647
Wrist Torque,16,4.5490360754178116e-07,16.79976864629539
Wrist Torque,17,5.198744094411998e-07,16.799727562560513
Wrist Torque,18,5.848452113406184e-07,16.799685390898368
Wrist Torque,19,6.770673925396619e-07,16.799624092683473
Wrist Torque,20,7.692895737387053e-07,16.799561588595182
Wrist Torque,21,8.615117549377488e-07,16.799498328847974
Wrist Torque,22,9.537339361367922e-07,16.799434689207942
Wrist Torque,23,1.0459561173358356e-06,16.799370983047655
Wrist Torque,24,1.138178298534879e-06,16.799307469887843
Wrist Torque,25,1.3075080704733324e-06,16.79919204784453
Wrist Torque,26,1.4768378424117857e-06,16.7990789797009
Wrist Torque,27,1.646167614350239e-06,16.7989689414809
Wrist Torque,28,1.8154973862886924e-06,16.79886238647612
Wrist Torque,29,1.9848271582271455e-06,16.798759606568762
Wrist Torque,30,2.1541569301655986e-06,16.798660771643434
Wrist Torque,31,2.449250480892405e-06,16.79849818820739
Wrist Torque,32,2.7443440316192115e-06,16.798347826134904
Wrist Torque,33,3.039437582346018e-06,16.79820937693873
Wrist Torque,34,3.3345311330728243e-06,16.798082409158322
Wrist Torque,35,3.6296246837996307e-06,16.797966429796936
Wrist Torque,36,3.924718234526437e-06,16.79786090687763
Wrist Torque,37,4.450026296754274e-06,16.797697273740823
Wrist Torque,38,4.975334358982111e-06,16.797562141910163
Wrist Torque,39,5.500642421209948e-06,16.797452829394324
Wrist Torque,40,6.025950483437785e-06,16.79736693211207
Wrist Torque,41,6.551258545665622e-06,16.797302254455573
Wrist Torque,42,7.0765666078934595e-06,16.797256774545783
Wrist Torque,43,8.14244892814704e-06,16.797216048138143
Wrist Torque,44,9.20833124840062e-06,16.79723356019398
Wrist Torque,45,1.02742135686542e-05,16.797298288257608
Wrist Torque,46,1.134009588890778e-05,16.797401052509578
Wrist Torque,47,1.2405978209161358e-05,16.79753417836016
Wrist Torque,48,1.3471860529414938e-05,16.797691301735874
Wrist Torque,49,1.541902505888877e-05,16.79802344215645
Wrist Torque,50,1.7366189588362604e-05,16.798394049971705
Wrist Torque,51,1.9313354117836436e-05,16.798786050892474
Wrist Torque,52,2.126051864731027e-05,16.799187362671653
Wrist Torque,53,2.3207683176784102e-05,16.799589484843274
Wrist Torque,54,2.5154847706257935e-05,16.799986594341178
Wrist Torque,55,2.820158190872388e-05,16.800588741369957
Wrist Torque,56,3.1248316111189826e-05,16.801160536371178
Wrist Torque,57,3.429505031365577e-05,16.801697901208527
Wrist Torque,58,3.734178451612172e-05,16.80219892722092
Wrist Torque,59,4.038851871858766e-05,16.80266308530848
Wrist Torque,60,4.343525292105361e-05,16.803090866530766
Wrist Torque,61,4.96338373415471e-05,16.80385300294418
Wrist Torque,62,5.58324217620406e-05,16.80448005773321
Wrist Torque,63,6.20310061825341e-05,16.804983315592484
Wrist Torque,64,6.82295906030276e-05,16.80537236572659
Wrist Torque,65,7.44281750235211e-05,16.805656053738232
Wrist Torque,66,8.062675944401459e-05,16.80584286589594
Wrist Torque,67,9.346260532395746e-05,16.805951945350376
Wrist Torque,68,0.00010629845120390032,16.80573175450025
Wrist Torque,69,0.00011913429708384319,16.805225164621696
Wrist Torque,70,0.00013197014296378604,16.804464761672243
Wrist Torque,71,0.0001448059888437289,16.803475725949944
Wrist Torque,72,0.00016588165749779728,16.801403638659373
Wrist Torque,73,0.00018695732615186565,16.79883170430061
Wrist Torque,74,0.00020803299480593403,16.79580409110057
Wrist Torque,75,0.0002291086634600024,16.792349701840692
Wrist Torque,76,0.0002501843321140708,16.78848886336136
Wrist Torque,77,0.00028354300047888807,16.781582430759
Wrist Torque,78,0.0003169016688437053,16.77374352269583
Wrist Torque,79,0.0003502603372085226,16.76500830703957
Wrist Torque,80,0.00038361900557333983,16.755406950756438
Wrist Torque,81,0.0004169776739381571,16.744968300966477
Wrist Torque,82,0.0004896960629533548,16.71945213514278
Wrist Torque,83,0.0005624144519685525,16.69039763749456
Wrist Torque,84,0.0006351328409837503,16.658106369417347
Wrist Torque,85,0.000707851229998948,16.622876655848646
Wrist Torque,86,0.0007805696190141457,16.584998277269946
Wrist Torque,87,0.0009168382756575951,16.5078151199775
Wrist Torque,88,0.0010531069323010444,16.423939128748927
Wrist Torque,89,0.0011893755889444938,16.33482886145773
Wrist Torque,90,0.0013256442455879432,16.241727944481077
Wrist Torque,91,0.0014619129022313926,16.145683930698368
Wrist Torque,92,0.0016710628759704154,15.994452936706898
Wrist Torque,93,0.0018802128497094383,15.840863449822763
Wrist Torque,94,0.002089362823448461,15.686837804317648
Wrist Torque,95,0.0022985127971874835,15.533761064623656
Wrist Torque,96,0.002507662770926506,15.382630871099774
Wrist Torque,97,0.0028713324012860633,15.126347677119599
Wrist Torque,98,0.0032350020316456204,14.88046422504302
Wrist Torque,99,0.0035986716620051776,14.64618596589479
Wrist Torque,100,0.003962341292364735,14.423881393303578
Wrist Torque,101,0.004326010922724293,14.213546586207189
Wrist Torque,102,0.004859598744841302,13.926273828154077
Wrist Torque,103,0.005,13.857226156007377
Wrist Torque,104,0.005393186566958311,13.663861665518043
Wrist Torque,105,0.005926774389075321,13.425625526608322
Wrist Torque,106,0.00646036221119233,13.210931761830073
Wrist Torque,107,0.006993950033309339,13.019270331249814
Wrist Torque,108,0.007715774967090907,12.795773414624932
Wrist Torque,109,0.008437599900872476,12.612290743973608
Wrist Torque,110,0.009159424834654045,12.46741015825235
Wrist Torque,111,0.009881249768435614,12.359407051875047
Wrist Torque,112,0.01,12.347364819171771
Wrist Torque,113,0.010603074702217182,12.286208172941398
Wrist Torque,114,0.01177444901882128,12.235140910235955
Wrist Torque,115,0.012945823335425379,12.258055237789687
Wrist Torque,116,0.014117197652029477,12.342816850318247
Wrist Torque,117,0.015,12.444026823908501
Wrist Torque,118,0.015288571968633575,12.477110516301748
Wrist Torque,119,0.016459946285237673,12.649154559660452
Wrist Torque,120,0.018031231943859145,12.920796418883109
Wrist Torque,121,0.01960251760248062,13.218605860746488
Wrist Torque,122,0.02,13.295846967311586
Wrist Torque,123,0.021173803261102096,13.523947289094583
Wrist Torque,124,0.02274508891972357,13.822277950521364
Wrist Torque,125,0.024316374578345047,14.102791614286234
Wrist Torque,126,0.025,14.209656491411318
Wrist Torque,127,0.026862461890282588,14.5007980358164
Wrist Torque,128,0.02940854920222013,14.815628834709521
Wrist Torque,129,0.03,14.868872118960068
Wrist Torque,130,0.03195463651415767,15.044831417553373
Wrist Torque,131,0.03450072382609521,15.195380558267033
Wrist Torque,132,0.035,15.211906585632676
Wrist Torque,133,0.03704681113803275,15.279655976946277
Wrist Torque,134,0.03959289844997029,15.312474961958888
Wrist Torque,135,0.04,15.311231830219846
Wrist Torque,136,0.042885955032283485,15.302419232238298
Wrist Torque,137,0.045,15.274490509696038
Wrist Torque,138,0.04617901161459667,15.258914545721279
Wrist Torque,139,0.04947206819690986,15.203533198868216
Wrist Torque,140,0.05,15.19489725633364
Wrist Torque,141,0.052765124779223044,15.149665166593008
Wrist Torque,142,0.05605818136153623,15.102735776960987
Wrist Torque,143,0.05994567907839509,15.055068130252142
Wrist Torque,144,0.06,15.054388502037748
Wrist Torque,145,0.06383317679525395,15.006430274823437
Wrist Torque,146,0.065,14.987377636702453
Wrist Torque,147,0.06772067451211282,14.942952717217283
Wrist Torque,148,0.07,14.888672544255702
Wrist Torque,149,0.07160817222897169,14.850375307988008
Wrist Torque,150,0.075,14.733110821474652
Wrist Torque,151,0.07549566994583055,14.715974196149983
Wrist Torque,152,0.07938316766268942,14.528993360814361
Wrist Torque,153,0.08,14.48722392683924
Wrist Torque,154,0.08498316766268943,14.149783620805373
Wrist Torque,155,0.085,14.148202168291702
Wrist Torque,156,0.09,13.678436001985851
Wrist Torque,157,0.09058316766268942,13.62364551454282
Wrist Torque,158,0.095,13.082530559128795
Wrist Torque,159,0.09618316766268942,12.937578324552161
Wrist Torque,160,0.1,12.355525921424034
Wrist Torque,161,0.10178316766268941,12.083599640276443
Wrist Torque,162,0.105,11.494010961770238
Wrist Torque,163,0.1073831676626894,11.057218326789924
Wrist Torque,164,0.11,10.49622210636498
Wrist Torque,165,0.1129831676626894,9.856690960329608
Wrist Torque,166,0.115,9.361902810457801
Wrist Torque,167,0.11858316766268939,8.482846646142873
Wrist Torque,168,0.12,8.092241773005181
Wrist Torque,169,0.12418316766268939,6.938989104238432
Wrist Torque,170,0.125,6.689791616783583
Wrist Torque,171,0.12978316766268938,5.230552909924922
Wrist Torque,172,0.13,5.158297854093398
Wrist Torque,173,0.135,3.492147483541996
Wrist Torque,174,0.13538316766268937,3.364464494907356
Wrist Torque,175,0.14,1.702420244768124
Wrist Torque,176,0.14098316766268937,1.3484831638197754
Wrist Torque,177,0.145,-0.1989638166030132
Wrist Torque,178,0.14658316766268936,-0.808864308683777
Wrist Torque,179,0.15,-2.205221996532986
Wrist Torque,180,0.15218316766268936,-3.0974176469814125
Wrist Torque,181,0.155,-4.307671108245204
Wrist Torque,182,0.15778316766268935,-5.5034605247580615
Wrist Torque,183,0.16,-6.494475224860759
Wrist Torque,184,0.16338316766268934,-8.00688950635966
Wrist Torque,185,0.165,-8.749093038333047
Wrist Torque,186,0.16898316766268934,-10.577557894873188
Wrist Torque,187,0.17,-11.048568139720782
Wrist Torque,188,0.17458316766268933,-13.171552277587868
Wrist Torque,189,0.175,-13.36177139228791
Wrist Torque,190,0.18,-15.643493534184449
Wrist Torque,191,0.18018316766268933,-15.727081076511986
Wrist Torque,192,0.185,-17.827045436849126
Wrist Torque,193,0.18578316766268932,-18.16847815956962
Wrist Torque,194,0.19,-19.852705166091322
Wrist Torque,195,0.1913831676626893,-20.405150258924806
Wrist Torque,196,0.195,-21.652446871129698
Wrist Torque,197,0.1969831676626893,-22.336359775133953
Wrist Torque,198,0.2,-23.16128588660598
Wrist Torque,199,0.2025831676626893,-23.86763022961383
Wrist Torque,200,0.205,-24.32274116450506
Wrist Torque,201,0.2081831676626893,-24.922159828562698
Wrist Torque,202,0.21,-25.093438407520615
Wrist Torque,203,0.2137831676626893,-25.450089688939407
Wrist Torque,204,0.215,-25.450473160374145
Wrist Torque,205,0.21938316766268928,-25.45185446784008
Wrist Torque,206,0.22,-25.409608689840567
Wrist Torque,207,0.22341442028389266,-25.175760960749002
Wrist Torque,208,0.225,-25.013582684325325
Wrist Torque,209,0.22744567290509604,-24.763431264995674
Wrist Torque,210,0.23,-24.50021358122776
Wrist Torque,211,0.23147692552629942,-24.348019715020953
Wrist Torque,212,0.235,-24.101066116397593
Wrist Torque,213,0.2355081781475028,-24.065444836403547
Wrist Torque,214,0.23855329931883085,-23.98942328129744
Wrist Torque,215,0.24,-24.00352508164946
Wrist Torque,216,0.2415984204901589,-24.019105779802295
Wrist Torque,217,0.24412547092471762,-24.09701133183763
Wrist Torque,218,0.245,-24.13192923303323
Wrist Torque,219,0.24665252135927634,-24.19791054706581
Wrist Torque,220,0.24917957179383507,-24.30650534359046
Wrist Torque,221,0.25,-24.34299535268007
Wrist Torque,222,0.2517066222283938,-24.41890042293323
Wrist Torque,223,0.2542336726629525,-24.538871343914003
Wrist Torque,224,0.255,-24.583417007304295
Wrist Torque,225,0.25816594446446567,-24.767449456113706
Wrist Torque,226,0.26,-24.91010985385881
Wrist Torque,227,0.26209821626597885,-25.073317761831223
Wrist Torque,228,0.265,-25.349272172942243
Wrist Torque,229,0.266030488067492,-25.447269733714155
Wrist Torque,230,0.26922185965895157,-25.747212908763288
Wrist Torque,231,0.27,-25.79954946474574
Wrist Torque,232,0.2724132312504111,-25.961859790753998
Wrist Torque,233,0.2749215041154614,-26.022674424423943
Wrist Torque,234,0.275,-26.020667500997636
Wrist Torque,235,0.2774297769805117,-25.958544800278325
Wrist Torque,236,0.28,-25.742882054534117
