scenario,club_id,delivery_mode,face_sd_deg,curve_scale,pattern,shots_per_pattern,lateral_sd_m,mean_carry_m,carry_sd_m,aimed_rmse_m,aimed_hit_rate,corr_lateral_downrange_error,p95_radial_target_error_m,equal_range_lateral_sd_m,mean_strokes_gained,paired_delta_sg_vs_straight,paired_delta_sg_lower_95,paired_delta_sg_upper_95
driver_fixed_loft_sd1_scale1,driver,fixed_loft,1.0,1.0,Straight,10000,8.597820333457515,198.38675595061267,0.212097151899867,8.617072652510005,0.9183,-0.00996434231887986,16.87915631371782,8.617227681729625,-0.27024002791713064,0.0,0.0,0.0
driver_fixed_loft_sd1_scale1,driver,fixed_loft,1.0,1.0,Draw,10000,8.531378414142598,198.04972693593075,0.49793145416391627,8.58203703108371,0.92,0.6751881338374996,16.83711761345699,8.564671565761751,-0.2720333044480923,-0.001793276530961678,-0.0020306924944654314,-0.0015981866586132019
driver_fixed_loft_sd1_scale1,driver,fixed_loft,1.0,1.0,Fade,10000,8.529844357893861,198.04703566275052,0.5016218935099752,8.580894045901784,0.9192,-0.6828733592627704,16.84983947606162,8.563691134517258,-0.2720257777857948,-0.0017857498686641392,-0.0020150679788029737,-0.0015359190863541681
seven_iron_fixed_loft_sd1_scale1,seven_iron,fixed_loft,1.0,1.0,Straight,10000,4.216009986133319,149.70038949286658,0.06764069868525459,4.2198992799333475,0.9996,-0.009796717088569787,8.27022747231581,4.220043714284068,0.48829032713688136,0.0,0.0,0.0
seven_iron_fixed_loft_sd1_scale1,seven_iron,fixed_loft,1.0,1.0,Draw,10000,4.199854609497546,149.59303232991755,0.1583249649159082,4.210262265575413,0.9996,0.6795795449625386,8.254768419217637,4.206812143729595,0.48873547648759114,0.00044514935070979594,0.00042885391086066503,0.0004623000489404705
seven_iron_fixed_loft_sd1_scale1,seven_iron,fixed_loft,1.0,1.0,Fade,10000,4.199494042750495,149.59217874046564,0.15950017704581398,4.209970405963408,0.9996,-0.6871075979642224,8.273358961024325,4.2065638961357665,0.48874686071540546,0.00045653357852414055,0.00043964315948153283,0.00047247244874748745
pitching_wedge_fixed_loft_sd1_scale1,pitching_wedge,fixed_loft,1.0,1.0,Straight,10000,1.9724807095482804,101.13265893346644,0.038517856612697264,1.9740319537501452,1.0,-0.009726094309941067,3.869852541720532,1.9740738601928915,0.5732106831249209,0.0,0.0,0.0
pitching_wedge_fixed_loft_sd1_scale1,pitching_wedge,fixed_loft,1.0,1.0,Draw,10000,1.9686178416794846,101.07156169700453,0.09001810075160777,1.9742257776649668,1.0,0.7749479667482282,3.871863100912676,1.9713746736023339,0.573093230359642,-0.00011745276527878507,-0.00012675254483998692,-0.00010999149143710165
pitching_wedge_fixed_loft_sd1_scale1,pitching_wedge,fixed_loft,1.0,1.0,Fade,10000,1.968523755056543,101.07107632534155,0.09069164626110045,1.9741911344010619,1.0,-0.779763118156627,3.870910927714401,1.9713246190801204,0.5731006289936696,-0.0001100541312511671,-0.0001174576073820903,-0.00010155674674196494
driver_shaft_rotation_sd1_scale1,driver,shaft_rotation,1.0,1.0,Straight,10000,8.505160799459539,197.98840936142003,2.378223235027446,8.884483736345052,0.9078,0.9032981882745317,17.448766306898474,8.57023798419586,-0.27214012607045734,0.0,0.0,0.0
driver_shaft_rotation_sd1_scale1,driver,shaft_rotation,1.0,1.0,Draw,10000,8.408100847272566,197.64170745147285,2.8189758964752794,8.954074706083352,0.9065,0.9203708779386723,17.590806523770382,8.483827328914892,-0.2737840469901893,-0.0016439209197320025,-0.0018905364617756864,-0.0013902345729028677
driver_shaft_rotation_sd1_scale1,driver,shaft_rotation,1.0,1.0,Fade,10000,8.471617236923631,197.6712561986197,1.963934217390117,8.782660836006777,0.9113,0.8777634832389004,17.26574580400448,8.55184622667167,-0.27419050854441623,-0.002050382473958861,-0.0023261502962039628,-0.001772950024340532
seven_iron_shaft_rotation_sd1_scale1,seven_iron,shaft_rotation,1.0,1.0,Straight,10000,4.217845724645419,149.68420580690244,0.8635798177511728,4.3090020545378005,0.9996,-0.9751572672483804,8.470988305364639,4.221828339681929,0.4812505726885933,0.0,0.0,0.0
seven_iron_shaft_rotation_sd1_scale1,seven_iron,shaft_rotation,1.0,1.0,Draw,10000,4.27503872730624,149.5715965066151,0.7175053387436501,4.3435873200949695,0.9996,-0.9632514295207237,8.536186037269957,4.283082845421336,0.47807183258727565,-0.0031787401013176337,-0.003252660022926321,-0.0031004071749391538
seven_iron_shaft_rotation_sd1_scale1,seven_iron,shaft_rotation,1.0,1.0,Fade,10000,4.127710814308481,149.58085591902167,1.0028692421872227,4.255233132458623,0.9996,-0.9819388041495455,8.366039078292264,4.133684893471213,0.4853265320471043,0.004075959358511012,0.00397909067116449,0.004173738519192981
pitching_wedge_shaft_rotation_sd1_scale1,pitching_wedge,shaft_rotation,1.0,1.0,Straight,10000,1.9737195489809927,101.1273612864817,1.1703662822724488,2.295255036055561,1.0,-0.9960268807786826,4.516793396889021,1.9743416116029306,0.5247477133993804,0.0,0.0,0.0
pitching_wedge_shaft_rotation_sd1_scale1,pitching_wedge,shaft_rotation,1.0,1.0,Draw,10000,1.9989600377038836,101.06483781685796,1.0876676062806525,2.278762048766799,1.0,-0.9956318096975861,4.475800995782171,2.001089495888461,0.5270478116100564,0.002300098210675909,0.0021756628685842628,0.002429637480208331
pitching_wedge_shaft_rotation_sd1_scale1,pitching_wedge,shaft_rotation,1.0,1.0,Fade,10000,1.9406293384696156,101.06708070246921,1.2510535139032288,2.3115491326391684,1.0,-0.9963316011781532,4.54495462926455,1.9421319553891652,0.5223786518635555,-0.0023690615358249937,-0.002502977100282694,-0.002225535998848387
driver_fixed_loft_sd2_scale1,driver,fixed_loft,2.0,1.0,Straight,10000,16.894334686029755,197.93480774727232,0.8568773582096224,17.047261030924204,0.6192,-0.010967119408850985,33.28563322678901,17.046723587286657,-0.3418488407150606,0.0,0.0,0.0
driver_fixed_loft_sd2_scale1,driver,fixed_loft,2.0,1.0,Draw,10000,16.767088463316288,197.59628647933184,1.2458025595028912,16.97198440802413,0.6217,0.3994343752940024,33.25070188815749,16.943221188799047,-0.3432254029072004,-0.0013765621921397694,-0.0016639928695753228,-0.0010746698902742674
driver_fixed_loft_sd2_scale1,driver,fixed_loft,2.0,1.0,Fade,10000,16.760393320001025,197.59073615852128,1.2579997366280735,16.96683731707562,0.6217,-0.4156242876370078,33.21453248255607,16.93906761614303,-0.34316086227643805,-0.0013120215613774287,-0.0016100081957117018,-0.0010131935719091632
seven_iron_fixed_loft_sd2_scale1,seven_iron,fixed_loft,2.0,1.0,Straight,10000,8.363035261694938,149.55672185051625,0.2718805287949208,8.39494877698834,0.9264,-0.010248394196812428,16.427143539753757,8.395010832050806,0.22979895911279208,0.0,0.0,0.0
seven_iron_fixed_loft_sd2_scale1,seven_iron,fixed_loft,2.0,1.0,Draw,10000,8.332131888976846,149.44929143134155,0.395245031447595,8.37496216742693,0.9264,0.41038520104314263,16.411269016025365,8.369529366651506,0.23039914166458042,0.0006001825517882945,0.0002665812856041735,0.0009381422978179233
seven_iron_fixed_loft_sd2_scale1,seven_iron,fixed_loft,2.0,1.0,Fade,10000,8.330627786663902,149.4475675740446,0.39897563750418863,8.373693177016662,0.9269,-0.42554852227980977,16.434603444933142,8.368500218153478,0.23060845961229728,0.000809500499505162,0.000498894377014416,0.0011228225089002083
pitching_wedge_fixed_loft_sd2_scale1,pitching_wedge,fixed_loft,2.0,1.0,Straight,10000,3.9260057018771413,101.0510124308633,0.15423565701515352,3.938902002565397,1.0,-0.00997320160920712,7.716636680716117,3.9386812592369425,0.3395450949973291,0.0,0.0,0.0
pitching_wedge_fixed_loft_sd2_scale1,pitching_wedge,fixed_loft,2.0,1.0,Draw,10000,3.918505438860861,100.99009639388481,0.22379607335886742,3.938039878407506,1.0,0.5173559893498928,7.717175408906194,3.9333962828647704,0.3395168987377209,-2.8196259608201146e-05,-3.747206271902673e-05,-1.9026291251914903e-05
pitching_wedge_fixed_loft_sd2_scale1,pitching_wedge,fixed_loft,2.0,1.0,Fade,10000,3.9181200632005986,100.98912525252105,0.22595490942386648,3.9378518864412637,1.0,-0.5296085832400308,7.729850259899252,3.9331925809739685,0.3395249147294668,-2.0180267862344657e-05,-2.952484538669945e-05,-1.1030642400940024e-05
driver_shaft_rotation_sd2_scale1,driver,shaft_rotation,2.0,1.0,Straight,10000,16.289582161314637,196.4964816060703,5.572162072067834,17.57614810934343,0.6047,0.7572805386019833,34.335430014066716,16.732917312317923,-0.34863229532978285,0.0,0.0,0.0
driver_shaft_rotation_sd2_scale1,driver,shaft_rotation,2.0,1.0,Draw,10000,16.07963342435717,196.07325917404034,6.454665092770935,17.740082412252764,0.6007,0.7816489918431272,34.7100817522487,16.523945587404224,-0.3495430985347229,-0.0009108032049400357,-0.001332150249246513,-0.0004963994103672016
driver_shaft_rotation_sd2_scale1,driver,shaft_rotation,2.0,1.0,Fade,10000,16.253547851571728,196.2583944623299,4.751660410262324,17.34353821956818,0.611,0.7256561931246143,33.92603277038877,16.73108245771874,-0.350025612969651,-0.0013933176398681596,-0.0017617368162583206,-0.0010429457844635655
seven_iron_shaft_rotation_sd2_scale1,seven_iron,shaft_rotation,2.0,1.0,Straight,10000,8.377524910625077,149.49439483919963,1.7217493231772085,8.583678878525147,0.9186,-0.9021790505582578,16.883105331419312,8.409615195196556,0.22012707197464024,0.0,0.0,0.0
seven_iron_shaft_rotation_sd2_scale1,seven_iron,shaft_rotation,2.0,1.0,Draw,10000,8.477296708046925,149.36597141339104,1.4375040823573173,8.640556466984933,0.9167,-0.8608801620957617,16.95666940827298,8.523293489586992,0.21664787619875014,-0.003479195775890098,-0.0038884405294272676,-0.0030880574787405094
seven_iron_shaft_rotation_sd2_scale1,seven_iron,shaft_rotation,2.0,1.0,Fade,10000,8.21254329658398,149.40499419563676,1.996595659853594,8.48526205970133,0.9224,-0.9273685915381816,16.653952882512453,8.242698768663454,0.22551935078992782,0.005392278815287562,0.00495841151205229,0.005820308672196154
pitching_wedge_shaft_rotation_sd2_scale1,pitching_wedge,shaft_rotation,2.0,1.0,Straight,10000,3.9376594180047553,101.03620742294633,2.3337752450340368,4.5827139584265995,0.999,-0.9841036374871587,9.002849269408724,3.941716351713547,0.28749420477152876,0.0,0.0,0.0
pitching_wedge_shaft_rotation_sd2_scale1,pitching_wedge,shaft_rotation,2.0,1.0,Draw,10000,3.9851216574076713,100.96974786556598,2.168726703392737,4.546912299040474,0.9991,-0.9825206736238855,8.935025513671754,3.9940029437049347,0.29002095153199126,0.002526746760462523,0.002402805028999555,0.0026648072762720564
pitching_wedge_shaft_rotation_sd2_scale1,pitching_wedge,shaft_rotation,2.0,1.0,Fade,10000,3.874566189011885,100.97971939925114,2.4948877161505205,4.615498755550685,0.9987,-0.9853168693747243,9.072408499987173,3.8785504774545805,0.2849894964863652,-0.0025047082851635946,-0.0026870099239276897,-0.002356411042924495
driver_fixed_loft_sd1_scale2,driver,fixed_loft,1.0,2.0,Straight,10000,8.597820333457515,198.38675595061267,0.212097151899867,8.617072652510005,0.9183,-0.00996434231887986,16.87915631371782,8.617227681729625,-0.27024002791713064,0.0,0.0,0.0
driver_fixed_loft_sd1_scale2,driver,fixed_loft,1.0,2.0,Draw,10000,8.330323628449886,197.0298256653066,0.9338078736563811,8.558811172858839,0.9226,0.8780814064267657,16.62897977077738,8.40479419613781,-0.27789610877872695,-0.007656080861596279,-0.007995926172914586,-0.007274797183258142
driver_fixed_loft_sd1_scale2,driver,fixed_loft,1.0,2.0,Fade,10000,8.327241279704863,197.02441873091757,0.9379131141219099,8.557220281342737,0.9234,-0.879979416457246,16.65235428533506,8.402801396890432,-0.27767365987912107,-0.0074336319619904175,-0.007810566613916542,-0.007028626343519546
seven_iron_fixed_loft_sd1_scale2,seven_iron,fixed_loft,1.0,2.0,Straight,10000,4.216009986133319,149.70038949286658,0.06764069868525459,4.2198992799333475,0.9996,-0.009796717088569787,8.27022747231581,4.220043714284068,0.48829032713688136,0.0,0.0,0.0
seven_iron_fixed_loft_sd1_scale2,seven_iron,fixed_loft,1.0,2.0,Draw,10000,4.151518589695989,149.26926023513454,0.2957921612327093,4.198408820260452,0.9997,0.8807933153478916,8.208989214196334,4.167265021480803,0.48404195252135057,-0.004248374615530751,-0.0044449898833416775,-0.004054153651150354
seven_iron_fixed_loft_sd1_scale2,seven_iron,fixed_loft,1.0,2.0,Fade,10000,4.150807366209646,149.26754820796512,0.29707352752952393,4.1979753958788395,0.9996,-0.8827366673430088,8.220613955809213,4.166776146069199,0.48410836746383046,-0.004181959673050808,-0.004350495720074976,-0.003994359949058119
pitching_wedge_fixed_loft_sd1_scale2,pitching_wedge,fixed_loft,1.0,2.0,Straight,10000,1.9724807095482804,101.13265893346644,0.038517856612697264,1.9740319537501452,1.0,-0.009726094309941067,3.869852541720532,1.9740738601928915,0.5732106831249209,0.0,0.0,0.0
pitching_wedge_fixed_loft_sd1_scale2,pitching_wedge,fixed_loft,1.0,2.0,Draw,10000,1.9569843983930408,100.88764668156959,0.16773551533903078,1.9862297820847707,1.0,0.9258388841266649,3.87888750985731,1.963258200836755,0.5697899182587358,-0.003420764866184916,-0.003524987809801969,-0.0033257104057749297
pitching_wedge_fixed_loft_sd1_scale2,pitching_wedge,fixed_loft,1.0,2.0,Fade,10000,1.9567974055642408,100.88667886298678,0.16846080750313405,1.9862525001063105,1.0,-0.9268515500158773,3.8741353590886836,1.9631587202885004,0.5698453317354317,-0.0033653513894890638,-0.003455144596604882,-0.003274889207751624
driver_shaft_rotation_sd1_scale2,driver,shaft_rotation,1.0,2.0,Straight,10000,8.505160799459539,197.98840936142003,2.378223235027446,8.884483736345052,0.9078,0.9032981882745317,17.448766306898474,8.57023798419586,-0.27214012607045734,0.0,0.0,0.0
driver_shaft_rotation_sd1_scale2,driver,shaft_rotation,1.0,2.0,Draw,10000,8.17854899234908,196.6195230273854,3.2901341700132614,9.077526196660182,0.9043,0.9330932334814809,17.706803024772558,8.289089711401296,-0.2791888064437089,-0.007048680373251609,-0.007446121065024578,-0.006575983392668752
driver_shaft_rotation_sd1_scale2,driver,shaft_rotation,1.0,2.0,Fade,10000,8.310745717734106,196.68420719072864,1.5762697599614603,8.721827975427146,0.9163,0.8379133116427695,17.019626870874067,8.431890564777543,-0.27991435702290257,-0.0077742309524452095,-0.008155692826121202,-0.007373397118427805
seven_iron_shaft_rotation_sd1_scale2,seven_iron,shaft_rotation,1.0,2.0,Straight,10000,4.217845724645419,149.68420580690244,0.8635798177511728,4.3090020545378005,0.9996,-0.9751572672483804,8.470988305364639,4.221828339681929,0.4812505726885933,0.0,0.0,0.0
seven_iron_shaft_rotation_sd1_scale2,seven_iron,shaft_rotation,1.0,2.0,Draw,10000,4.297513762338157,149.2423083973538,0.5641765878958451,4.373976364769108,0.9996,-0.9396027410891936,8.567728354840526,4.315849163847184,0.4701353192841238,-0.011115253404469484,-0.011352986707526071,-0.010847694222025493
seven_iron_shaft_rotation_sd1_scale2,seven_iron,shaft_rotation,1.0,2.0,Fade,10000,4.007436953158425,149.26082805503995,1.1358348531234173,4.201451641642219,0.9996,-0.9861726896643077,8.228657008758875,4.021074916943237,0.48450688306203454,0.0032563103734412147,0.0028615100832890127,0.00372120964771234
pitching_wedge_shaft_rotation_sd1_scale2,pitching_wedge,shaft_rotation,1.0,2.0,Straight,10000,1.9737195489809927,101.1273612864817,1.1703662822724488,2.295255036055561,1.0,-0.9960268807786826,4.516793396889021,1.9743416116029306,0.5247477133993804,0.0,0.0,0.0
pitching_wedge_shaft_rotation_sd1_scale2,pitching_wedge,shaft_rotation,1.0,2.0,Draw,10000,2.016056952285877,100.87950446875075,1.0029054064048475,2.2719707775153064,1.0,-0.9951001638188259,4.451351261927238,2.0221676803824375,0.5267821901425697,0.002034476743189213,0.001568787570969197,0.0025018762927138524
pitching_wedge_shaft_rotation_sd1_scale2,pitching_wedge,shaft_rotation,1.0,2.0,Fade,10000,1.900083852152665,100.88395809598305,1.3297613636034942,2.3375346937498427,1.0,-0.9965670174042897,4.587548942080946,1.9047344889077478,0.5176685834101269,-0.0070791299892535445,-0.007649235123027289,-0.006484426475790172
driver_fixed_loft_sd2_scale2,driver,fixed_loft,2.0,2.0,Straight,10000,16.894334686029755,197.93480774727232,0.8568773582096224,17.047261030924204,0.6192,-0.010967119408850985,33.28563322678901,17.046723587286657,-0.3418488407150606,0.0,0.0,0.0
driver_fixed_loft_sd2_scale2,driver,fixed_loft,2.0,2.0,Draw,10000,16.380649809698806,196.57307313712283,2.010166135480406,16.786332042017,0.6269,0.6610526134669471,32.69553161552076,16.6279419555273,-0.34686085907466696,-0.005012018359606341,-0.005570873033728164,-0.004431427135978786
driver_fixed_loft_sd2_scale2,driver,fixed_loft,2.0,2.0,Fade,10000,16.367265970404034,196.56207930726578,2.025945970831613,16.77685861404195,0.6271,-0.6690106652973773,32.71448918937691,16.619505952786245,-0.34718284046622805,-0.005333999751167447,-0.005833209598284747,-0.004771434506450616
seven_iron_fixed_loft_sd2_scale2,seven_iron,fixed_loft,2.0,2.0,Straight,10000,8.363035261694938,149.55672185051625,0.2718805287949208,8.39494877698834,0.9264,-0.010248394196812428,16.427143539753757,8.395010832050806,0.22979895911279208,0.0,0.0,0.0
seven_iron_fixed_loft_sd2_scale2,seven_iron,fixed_loft,2.0,2.0,Draw,10000,8.238827463142792,149.1246082555515,0.6387114893896615,8.323377918620945,0.9282,0.6727560251328003,16.300845826364494,8.292785831778954,0.2295259276853968,-0.00027303142739533746,-0.0006703349348813726,0.00021447420828145714
seven_iron_fixed_loft_sd2_scale2,seven_iron,fixed_loft,2.0,2.0,Fade,10000,8.235863843138945,149.12115571460313,0.6434110149064095,8.32104116599198,0.9291,-0.6804998555748576,16.3113226547609,8.290760998537012,0.22997061010597,0.00017165099317786075,-0.0002962784437169792,0.0006418691173237887
pitching_wedge_fixed_loft_sd2_scale2,pitching_wedge,fixed_loft,2.0,2.0,Straight,10000,3.9260057018771413,101.0510124308633,0.15423565701515352,3.938902002565397,1.0,-0.00997320160920712,7.716636680716117,3.9386812592369425,0.3395450949973291,0.0,0.0,0.0
pitching_wedge_fixed_loft_sd2_scale2,pitching_wedge,fixed_loft,2.0,2.0,Draw,10000,3.8957192199344193,100.80631894834899,0.36057039742933517,3.9411184433669457,1.0,0.7715764954346995,7.709513924152315,3.917400298854394,0.3374611776789116,-0.002083917318417486,-0.0021639037518063303,-0.002006609487772318
pitching_wedge_fixed_loft_sd2_scale2,pitching_wedge,fixed_loft,2.0,2.0,Fade,10000,3.894953187317273,100.80437854854097,0.36326140915442967,3.940841736390265,1.0,-0.776506993604957,7.729292329546964,3.91699544059794,0.3375308488639538,-0.002014246133375284,-0.0020884612338293597,-0.0019333739608957616
driver_shaft_rotation_sd2_scale2,driver,shaft_rotation,2.0,2.0,Straight,10000,16.289582161314637,196.4964816060703,5.572162072067834,17.57614810934343,0.6047,0.7572805386019833,34.335430014066716,16.732917312317923,-0.34863229532978285,0.0,0.0,0.0
driver_shaft_rotation_sd2_scale2,driver,shaft_rotation,2.0,2.0,Draw,10000,15.629749413325822,194.99127676484127,7.37753110805401,17.895422265086978,0.5966,0.8012903776926448,35.02368199156989,16.103814742086186,-0.3532194744089796,-0.00458717907919677,-0.005175058978906191,-0.003944791926516373
driver_shaft_rotation_sd2_scale2,driver,shaft_rotation,2.0,2.0,Fade,10000,15.975676309787767,195.3493006501771,4.009266399380117,17.069064669213105,0.6189,0.6843929461648092,33.09498654424817,16.526180174247372,-0.35393687273399016,-0.005304577404207376,-0.005784589867764597,-0.0047957778909867785
seven_iron_shaft_rotation_sd2_scale2,seven_iron,shaft_rotation,2.0,2.0,Straight,10000,8.377524910625077,149.49439483919963,1.7217493231772085,8.583678878525147,0.9186,-0.9021790505582578,16.883105331419312,8.409615195196556,0.22012707197464024,0.0,0.0,0.0
seven_iron_shaft_rotation_sd2_scale2,seven_iron,shaft_rotation,2.0,2.0,Draw,10000,8.508772026131938,149.01910896248773,1.1475148468146275,8.662716139182079,0.916,-0.7882455685281989,16.984930194914668,8.580732700834695,0.2117619840193705,-0.008365087955269756,-0.008932881930121707,-0.007739692314669731
seven_iron_shaft_rotation_sd2_scale2,seven_iron,shaft_rotation,2.0,2.0,Fade,10000,7.987437850698601,149.09727091492113,2.2611637145026577,8.357818232933699,0.9284,-0.9437284265305761,16.38517980032748,8.027093684061317,0.22970417160409998,0.00957709962945968,0.008797911202634002,0.010382862179647531
pitching_wedge_shaft_rotation_sd2_scale2,pitching_wedge,shaft_rotation,2.0,2.0,Straight,10000,3.9376594180047553,101.03620742294633,2.3337752450340368,4.5827139584265995,0.999,-0.9841036374871587,9.002849269408724,3.941716351713547,0.28749420477152876,0.0,0.0,0.0
pitching_wedge_shaft_rotation_sd2_scale2,pitching_wedge,shaft_rotation,2.0,2.0,Draw,10000,4.016428367531161,100.78027801468455,1.9996790594516098,4.5130165180309385,0.9992,-0.9804250895836633,8.85673788128214,4.035021704955293,0.2911842164563835,0.0036900116848546972,0.0033360389213068914,0.004115415459557461
pitching_wedge_shaft_rotation_sd2_scale2,pitching_wedge,shaft_rotation,2.0,2.0,Fade,10000,3.7965804920676693,100.80026330365801,2.6521331210634096,4.650498961258621,0.9986,-0.9862601768961943,9.132658209658763,3.805026003204136,0.2813695021171836,-0.006124702654345134,-0.00659223416570786,-0.005610818307381153
